jammer,jsr_db,target_position,trials,fallback_count,confidence_mean,estimation_error_mean,target_erased_count
AMNoiseGaiJam,0.0,1250,50,0,0.9505988612624844,1.0,0
AMNoiseGaiJam,0.0,2500,50,0,0.950598861262485,1.0,0
AMNoiseGaiJam,0.0,3750,50,0,0.9505988612624864,1.0,0
AMNoiseGaiJam,0.0,4500,50,0,0.9508964614136811,1.0,0
AMNoiseGaiJam,0.0,500,50,0,0.9520957518989545,0.0,0
AMNoiseGaiJam,10.0,1250,50,0,0.8660790725865524,0.92,0
AMNoiseGaiJam,10.0,2500,50,0,0.8660790725865525,0.92,0
AMNoiseGaiJam,10.0,3750,50,0,0.8660790725865539,0.92,0
AMNoiseGaiJam,10.0,4500,50,0,0.8662542036145939,0.92,0
AMNoiseGaiJam,10.0,500,50,0,0.8939359490576494,0.0,0
AMNoiseGaiJam,20.0,1250,50,0,0.6698140117659531,5.22,0
AMNoiseGaiJam,20.0,2500,50,0,0.6698140117659531,5.22,0
AMNoiseGaiJam,20.0,3750,50,0,0.6698140117659536,5.22,0
AMNoiseGaiJam,20.0,4500,50,0,0.6699567570464608,5.22,0
AMNoiseGaiJam,20.0,500,50,0,0.7512692392291762,0.0,0
AMNoiseGaiJam,30.0,1250,50,0,0.5450808452222322,296.46,0
AMNoiseGaiJam,30.0,2500,50,0,0.5450808452222322,296.46,0
AMNoiseGaiJam,30.0,3750,50,0,0.5450808452222323,296.46,0
AMNoiseGaiJam,30.0,4500,50,0,0.5448230712772784,308.14,0
AMNoiseGaiJam,30.0,500,50,0,0.5770266535950617,61.72,0
FMNoiseAimedJam,0.0,1250,50,0,0.9271614810798249,0.98,0
FMNoiseAimedJam,0.0,2500,50,0,0.9271375619462242,0.98,0
FMNoiseAimedJam,0.0,3750,50,0,0.9271375619462258,0.98,0
FMNoiseAimedJam,0.0,4500,50,0,0.9271375619462283,0.98,0
FMNoiseAimedJam,0.0,500,50,0,0.9438512541889058,0.0,0
FMNoiseAimedJam,10.0,1250,50,0,0.7762862241912589,0.94,0
FMNoiseAimedJam,10.0,2500,50,0,0.776286224191259,0.94,0
FMNoiseAimedJam,10.0,3750,50,0,0.7762862241912601,0.94,0
FMNoiseAimedJam,10.0,4500,50,0,0.7761857107609356,0.92,0
FMNoiseAimedJam,10.0,500,50,0,0.8501104321695705,0.02,0
FMNoiseAimedJam,20.0,1250,50,0,0.5649604806852522,236.56,0
FMNoiseAimedJam,20.0,2500,50,0,0.5649604806852522,236.56,0
FMNoiseAimedJam,20.0,3750,50,0,0.5649604806852523,236.56,0
FMNoiseAimedJam,20.0,4500,50,0,0.5617477229941262,242.38,0
FMNoiseAimedJam,20.0,500,50,0,0.6555466919570269,37.82,0
FMNoiseAimedJam,30.0,1250,50,0,0.5635275802319122,347.3,0
FMNoiseAimedJam,30.0,2500,50,0,0.5635275802319121,347.3,0
FMNoiseAimedJam,30.0,3750,50,0,0.5635275802319122,347.3,0
FMNoiseAimedJam,30.0,4500,50,0,0.5648080945927965,353.2,0
FMNoiseAimedJam,30.0,500,50,0,0.6089976575147363,83.42,0
FMNoiseSaopin,0.0,1250,50,0,0.9694459934516364,1.0,0
FMNoiseSaopin,0.0,2500,50,0,0.9612263756577311,1.0,0
FMNoiseSaopin,0.0,3750,50,0,0.9612392440675851,1.0,0
FMNoiseSaopin,0.0,4500,50,0,0.9616373302588133,1.0,0
FMNoiseSaopin,0.0,500,50,0,0.9751896303733913,0.0,0
FMNoiseSaopin,10.0,1250,50,0,0.9307139555871349,1.0,0
FMNoiseSaopin,10.0,2500,50,0,0.8916014966611537,1.0,0
FMNoiseSaopin,10.0,3750,50,0,0.8916014966611552,1.0,0
FMNoiseSaopin,10.0,4500,50,0,0.8916014966611574,1.0,0
FMNoiseSaopin,10.0,500,50,0,0.9748419099659761,0.0,0
FMNoiseSaopin,20.0,1250,50,0,0.7987020710134236,15.52,0
FMNoiseSaopin,20.0,2500,50,0,0.6630541289905816,15.52,0
FMNoiseSaopin,20.0,3750,50,0,0.6630541289905821,15.52,0
FMNoiseSaopin,20.0,4500,50,0,0.6630541289905831,15.52,0
FMNoiseSaopin,20.0,500,50,0,0.972444102264585,0.0,0
FMNoiseSaopin,30.0,1250,50,0,0.6883170949768505,267.28,0
FMNoiseSaopin,30.0,2500,50,0,0.5651494340325075,810.1,0
FMNoiseSaopin,30.0,3750,50,0,0.5651494340325078,810.1,0
FMNoiseSaopin,30.0,4500,50,0,0.5651494340325082,810.1,0
FMNoiseSaopin,30.0,500,50,0,0.9572359900857137,0.0,0
FMZuse,0.0,1250,50,0,0.9634638059639455,1.0,0
FMZuse,0.0,2500,50,0,0.9633200488485751,1.0,0
FMZuse,0.0,3750,50,0,0.9633200488485769,1.0,0
FMZuse,0.0,4500,50,0,0.9634246590523721,1.0,0
FMZuse,0.0,500,50,0,0.9686204454275444,0.0,0
FMZuse,10.0,1250,50,0,0.8903904787925409,0.96,0
FMZuse,10.0,2500,50,0,0.890389478938566,0.96,0
FMZuse,10.0,3750,50,0,0.8903894789385677,0.96,0
FMZuse,10.0,4500,50,0,0.8903894789385702,0.96,0
FMZuse,10.0,500,50,0,0.9357456458127434,0.0,0
FMZuse,20.0,1250,50,0,0.6505839265414113,7.4,0
FMZuse,20.0,2500,50,0,0.6503808737903387,7.4,0
FMZuse,20.0,3750,50,0,0.6503808737903393,7.4,0
FMZuse,20.0,4500,50,0,0.6496663185885171,7.34,0
FMZuse,20.0,500,50,0,0.813891738689857,0.06,0
FMZuse,30.0,1250,50,0,0.5632090497849594,476.56,0
FMZuse,30.0,2500,50,0,0.558755452429633,488.84,0
FMZuse,30.0,3750,50,0,0.5587554524296331,488.84,0
FMZuse,30.0,4500,50,0,0.5614894609511896,488.84,0
FMZuse,30.0,500,50,0,0.5790465290312301,75.28,0
NoJammer,0.0,1250,50,0,0.9788822235498048,0.0,0
NoJammer,0.0,2500,50,0,0.9788064803013864,0.0,0
NoJammer,0.0,3750,50,0,0.9790883346555402,0.0,0
NoJammer,0.0,4500,50,0,0.9802182307268816,0.0,0
NoJammer,0.0,500,50,0,0.9798549520575527,0.0,0
NoJammer,10.0,1250,50,0,0.9788822235498048,0.0,0
NoJammer,10.0,2500,50,0,0.9788064803013864,0.0,0
NoJammer,10.0,3750,50,0,0.9790883346555402,0.0,0
NoJammer,10.0,4500,50,0,0.9802182307268816,0.0,0
NoJammer,10.0,500,50,0,0.9798549520575527,0.0,0
NoJammer,20.0,1250,50,0,0.9788822235498048,0.0,0
NoJammer,20.0,2500,50,0,0.9788064803013864,0.0,0
NoJammer,20.0,3750,50,0,0.9790883346555402,0.0,0
NoJammer,20.0,4500,50,0,0.9802182307268816,0.0,0
NoJammer,20.0,500,50,0,0.9798549520575527,0.0,0
NoJammer,30.0,1250,50,0,0.9788822235498048,0.0,0
NoJammer,30.0,2500,50,0,0.9788064803013864,0.0,0
NoJammer,30.0,3750,50,0,0.9790883346555402,0.0,0
NoJammer,30.0,4500,50,0,0.9802182307268816,0.0,0
NoJammer,30.0,500,50,0,0.9798549520575527,0.0,0
NoiseConvolutionJamming,0.0,1250,50,0,0.8947239127871189,0.94,0
NoiseConvolutionJamming,0.0,2500,50,0,0.8947239127871194,0.94,0
NoiseConvolutionJamming,0.0,3750,50,0,0.894723912787121,0.94,0
NoiseConvolutionJamming,0.0,4500,50,0,0.8947239127871233,0.94,0
NoiseConvolutionJamming,0.0,500,50,0,0.923541398596357,0.0,0
NoiseConvolutionJamming,10.0,1250,50,0,0.6730457411957884,2.68,0
NoiseConvolutionJamming,10.0,2500,50,0,0.6730457411957886,2.68,0
NoiseConvolutionJamming,10.0,3750,50,0,0.6730457411957893,2.68,0
NoiseConvolutionJamming,10.0,4500,50,0,0.6710360507362738,1.76,0
NoiseConvolutionJamming,10.0,500,50,0,0.775894926388672,2.62,0
NoiseConvolutionJamming,20.0,1250,50,0,0.5701224998767302,219.14,0
NoiseConvolutionJamming,20.0,2500,50,0,0.5701224998767302,219.14,0
NoiseConvolutionJamming,20.0,3750,50,0,0.5701224998767304,219.14,0
NoiseConvolutionJamming,20.0,4500,50,0,0.5652414277933895,248.32,0
NoiseConvolutionJamming,20.0,500,50,0,0.6074736936221768,55.14,0
NoiseConvolutionJamming,30.0,1250,50,0,0.5695974196213632,257.58,0
NoiseConvolutionJamming,30.0,2500,50,0,0.5690688107224028,257.58,0
NoiseConvolutionJamming,30.0,3750,50,0,0.5690688107224028,257.58,0
NoiseConvolutionJamming,30.0,4500,50,0,0.5659755276770038,276.78,0
NoiseConvolutionJamming,30.0,500,50,0,0.6033083178428678,86.32,0
NoiseProductJamming,0.0,1250,50,0,0.8971998030937044,0.98,0
NoiseProductJamming,0.0,2500,50,0,0.897199803093705,0.98,0
NoiseProductJamming,0.0,3750,50,0,0.8971998030937064,0.98,0
NoiseProductJamming,0.0,4500,50,0,0.898466291799195,0.98,0
NoiseProductJamming,0.0,500,50,0,0.919018997516584,0.0,0
NoiseProductJamming,10.0,1250,50,0,0.6856695667448467,5.3,0
NoiseProductJamming,10.0,2500,50,0,0.6856695667448471,5.3,0
NoiseProductJamming,10.0,3750,50,0,0.6856695667448477,5.3,0
NoiseProductJamming,10.0,4500,50,0,0.6769868315253538,4.1,0
NoiseProductJamming,10.0,500,50,0,0.762690152741822,9.02,0
NoiseProductJamming,20.0,1250,50,0,0.5763307771124458,201.22,0
NoiseProductJamming,20.0,2500,50,0,0.5763307771124458,201.22,0
NoiseProductJamming,20.0,3750,50,0,0.5763307771124461,201.22,0
NoiseProductJamming,20.0,4500,50,0,0.571543301330714,218.04,0
NoiseProductJamming,20.0,500,50,0,0.5780697193890756,58.06,0
NoiseProductJamming,30.0,1250,50,0,0.5756586274721834,222.82,0
NoiseProductJamming,30.0,2500,50,0,0.5756586274721834,222.82,0
NoiseProductJamming,30.0,3750,50,0,0.5756586274721834,222.82,0
NoiseProductJamming,30.0,4500,50,0,0.5773659047383597,245.2,0
NoiseProductJamming,30.0,500,50,0,0.5550344831945072,74.34,0
SMSP,0.0,1250,50,0,0.903856866084947,1.04,0
SMSP,0.0,2500,50,0,0.9038568660849475,1.04,0
SMSP,0.0,3750,50,0,0.9038568660849492,1.04,0
SMSP,0.0,4500,50,0,0.9038568660849517,1.04,0
SMSP,0.0,500,50,0,0.9271202712808679,0.0,0
SMSP,10.0,1250,50,0,0.6796927709434154,2.1,0
SMSP,10.0,2500,50,0,0.6796927709434156,2.1,0
SMSP,10.0,3750,50,0,0.6796927709434162,2.1,0
SMSP,10.0,4500,50,0,0.6796927709434176,2.1,0
SMSP,10.0,500,50,0,0.7553691082404994,0.0,0
SMSP,20.0,1250,50,0,0.6199447869317597,519.0,0
SMSP,20.0,2500,50,0,0.6199447869317598,519.0,0
SMSP,20.0,3750,50,0,0.61994478693176,519.0,0
SMSP,20.0,4500,50,0,0.6199447869317605,519.0,0
SMSP,20.0,500,50,0,0.6698580658458303,95.42,0
SMSP,30.0,1250,50,0,0.6194838331376294,519.0,0
SMSP,30.0,2500,50,0,0.6194838331376296,519.0,0
SMSP,30.0,3750,50,0,0.6194838331376296,519.0,0
SMSP,30.0,4500,50,0,0.6194838331376298,519.0,0
SMSP,30.0,500,50,0,0.6704732547910077,96.02,0
