jammer,algorithm,role,jsr_db,target_position,trials,interface_pass,oracle_input_failures,target_erased_count,fallback_count,delta_sinr_mean_db,delta_sinr_std_db,delta_sinr_ci95_db,target_only_change_mean_db,pd_after,estimation_error_mean,confidence_mean,runtime_mean_ms,memory_mean_bytes
AMNoiseGaiJam,Identity,IDENTITY_BASELINE,0.0,1250,50,50,0,0,50,0.0,0.0,0.0,-8.678947198979586e-15,1.0,nan,1.0,0.0,0.0
AMNoiseGaiJam,Identity,IDENTITY_BASELINE,0.0,2500,50,50,0,0,50,0.0,0.0,0.0,-8.678947198979586e-15,1.0,nan,1.0,0.0,0.0
AMNoiseGaiJam,Identity,IDENTITY_BASELINE,0.0,3750,50,50,0,0,50,0.0,0.0,0.0,-8.678947198979586e-15,1.0,nan,1.0,0.0,0.0
AMNoiseGaiJam,Identity,IDENTITY_BASELINE,0.0,4500,50,50,0,0,50,0.0,0.0,0.0,-8.678947198979586e-15,1.0,nan,1.0,0.0,0.0
AMNoiseGaiJam,Identity,IDENTITY_BASELINE,0.0,500,50,50,0,0,50,0.0,0.0,0.0,-8.678947198979586e-15,1.0,nan,1.0,0.0,0.0
AMNoiseGaiJam,Identity,IDENTITY_BASELINE,10.0,1250,50,50,0,0,50,0.0,0.0,0.0,-8.678947198979586e-15,1.0,nan,1.0,0.0,0.0
AMNoiseGaiJam,Identity,IDENTITY_BASELINE,10.0,2500,50,50,0,0,50,0.0,0.0,0.0,-8.678947198979586e-15,1.0,nan,1.0,0.0,0.0
AMNoiseGaiJam,Identity,IDENTITY_BASELINE,10.0,3750,50,50,0,0,50,0.0,0.0,0.0,-8.678947198979586e-15,1.0,nan,1.0,0.0,0.0
AMNoiseGaiJam,Identity,IDENTITY_BASELINE,10.0,4500,50,50,0,0,50,0.0,0.0,0.0,-8.678947198979586e-15,1.0,nan,1.0,0.0,0.0
AMNoiseGaiJam,Identity,IDENTITY_BASELINE,10.0,500,50,50,0,0,50,0.0,0.0,0.0,-8.678947198979586e-15,1.0,nan,1.0,0.0,0.0
AMNoiseGaiJam,Identity,IDENTITY_BASELINE,20.0,1250,50,50,0,0,50,0.0,0.0,0.0,-8.678947198979586e-15,0.06,nan,1.0,0.0,0.0
AMNoiseGaiJam,Identity,IDENTITY_BASELINE,20.0,2500,50,50,0,0,50,0.0,0.0,0.0,-8.678947198979586e-15,0.06,nan,1.0,0.0,0.0
AMNoiseGaiJam,Identity,IDENTITY_BASELINE,20.0,3750,50,50,0,0,50,0.0,0.0,0.0,-8.678947198979586e-15,0.06,nan,1.0,0.0,0.0
AMNoiseGaiJam,Identity,IDENTITY_BASELINE,20.0,4500,50,50,0,0,50,0.0,0.0,0.0,-8.678947198979586e-15,0.06,nan,1.0,0.0,0.0
AMNoiseGaiJam,Identity,IDENTITY_BASELINE,20.0,500,50,50,0,0,50,0.0,0.0,0.0,-8.678947198979586e-15,0.16,nan,1.0,0.0,0.0
AMNoiseGaiJam,Identity,IDENTITY_BASELINE,30.0,1250,50,50,0,0,50,0.0,0.0,0.0,-8.678947198979586e-15,0.0,nan,1.0,0.0,0.0
AMNoiseGaiJam,Identity,IDENTITY_BASELINE,30.0,2500,50,50,0,0,50,0.0,0.0,0.0,-8.678947198979586e-15,0.0,nan,1.0,0.0,0.0
AMNoiseGaiJam,Identity,IDENTITY_BASELINE,30.0,3750,50,50,0,0,50,0.0,0.0,0.0,-8.678947198979586e-15,0.0,nan,1.0,0.0,0.0
AMNoiseGaiJam,Identity,IDENTITY_BASELINE,30.0,4500,50,50,0,0,50,0.0,0.0,0.0,-8.678947198979586e-15,0.0,nan,1.0,0.0,0.0
AMNoiseGaiJam,Identity,IDENTITY_BASELINE,30.0,500,50,50,0,0,50,0.0,0.0,0.0,-8.678947198979586e-15,0.0,nan,1.0,0.0,0.0
FMNoiseAimedJam,Identity,IDENTITY_BASELINE,0.0,1250,50,50,0,0,50,0.0,0.0,0.0,-8.678947198979586e-15,1.0,nan,1.0,0.0,0.0
FMNoiseAimedJam,Identity,IDENTITY_BASELINE,0.0,2500,50,50,0,0,50,0.0,0.0,0.0,-8.678947198979586e-15,1.0,nan,1.0,0.0,0.0
FMNoiseAimedJam,Identity,IDENTITY_BASELINE,0.0,3750,50,50,0,0,50,0.0,0.0,0.0,-8.678947198979586e-15,1.0,nan,1.0,0.0,0.0
FMNoiseAimedJam,Identity,IDENTITY_BASELINE,0.0,4500,50,50,0,0,50,0.0,0.0,0.0,-8.678947198979586e-15,1.0,nan,1.0,0.0,0.0
FMNoiseAimedJam,Identity,IDENTITY_BASELINE,0.0,500,50,50,0,0,50,0.0,0.0,0.0,-8.678947198979586e-15,1.0,nan,1.0,0.0,0.0
FMNoiseAimedJam,Identity,IDENTITY_BASELINE,10.0,1250,50,50,0,0,50,0.0,0.0,0.0,-8.678947198979586e-15,0.72,nan,1.0,0.0,0.0
FMNoiseAimedJam,Identity,IDENTITY_BASELINE,10.0,2500,50,50,0,0,50,0.0,0.0,0.0,-8.678947198979586e-15,0.72,nan,1.0,0.0,0.0
FMNoiseAimedJam,Identity,IDENTITY_BASELINE,10.0,3750,50,50,0,0,50,0.0,0.0,0.0,-8.678947198979586e-15,0.72,nan,1.0,0.0,0.0
FMNoiseAimedJam,Identity,IDENTITY_BASELINE,10.0,4500,50,50,0,0,50,0.0,0.0,0.0,-8.678947198979586e-15,0.72,nan,1.0,0.0,0.0
FMNoiseAimedJam,Identity,IDENTITY_BASELINE,10.0,500,50,50,0,0,50,0.0,0.0,0.0,-8.678947198979586e-15,0.78,nan,1.0,0.0,0.0
FMNoiseAimedJam,Identity,IDENTITY_BASELINE,20.0,1250,50,50,0,0,50,0.0,0.0,0.0,-8.678947198979586e-15,0.02,nan,1.0,0.0,0.0
FMNoiseAimedJam,Identity,IDENTITY_BASELINE,20.0,2500,50,50,0,0,50,0.0,0.0,0.0,-8.678947198979586e-15,0.02,nan,1.0,0.0,0.0
FMNoiseAimedJam,Identity,IDENTITY_BASELINE,20.0,3750,50,50,0,0,50,0.0,0.0,0.0,-8.678947198979586e-15,0.02,nan,1.0,0.0,0.0
FMNoiseAimedJam,Identity,IDENTITY_BASELINE,20.0,4500,50,50,0,0,50,0.0,0.0,0.0,-8.678947198979586e-15,0.02,nan,1.0,0.0,0.0
FMNoiseAimedJam,Identity,IDENTITY_BASELINE,20.0,500,50,50,0,0,50,0.0,0.0,0.0,-8.678947198979586e-15,0.02,nan,1.0,0.0,0.0
FMNoiseAimedJam,Identity,IDENTITY_BASELINE,30.0,1250,50,50,0,0,50,0.0,0.0,0.0,-8.678947198979586e-15,0.0,nan,1.0,0.0,0.0
FMNoiseAimedJam,Identity,IDENTITY_BASELINE,30.0,2500,50,50,0,0,50,0.0,0.0,0.0,-8.678947198979586e-15,0.0,nan,1.0,0.0,0.0
FMNoiseAimedJam,Identity,IDENTITY_BASELINE,30.0,3750,50,50,0,0,50,0.0,0.0,0.0,-8.678947198979586e-15,0.0,nan,1.0,0.0,0.0
FMNoiseAimedJam,Identity,IDENTITY_BASELINE,30.0,4500,50,50,0,0,50,0.0,0.0,0.0,-8.678947198979586e-15,0.0,nan,1.0,0.0,0.0
FMNoiseAimedJam,Identity,IDENTITY_BASELINE,30.0,500,50,50,0,0,50,0.0,0.0,0.0,-8.678947198979586e-15,0.0,nan,1.0,0.0,0.0
FMNoiseSaopin,Identity,IDENTITY_BASELINE,0.0,1250,50,50,0,0,50,0.0,0.0,0.0,-8.678947198979586e-15,1.0,nan,1.0,0.0,0.0
FMNoiseSaopin,Identity,IDENTITY_BASELINE,0.0,2500,50,50,0,0,50,0.0,0.0,0.0,-8.678947198979586e-15,1.0,nan,1.0,0.0,0.0
FMNoiseSaopin,Identity,IDENTITY_BASELINE,0.0,3750,50,50,0,0,50,0.0,0.0,0.0,-8.678947198979586e-15,1.0,nan,1.0,0.0,0.0
FMNoiseSaopin,Identity,IDENTITY_BASELINE,0.0,4500,50,50,0,0,50,0.0,0.0,0.0,-8.678947198979586e-15,1.0,nan,1.0,0.0,0.0
FMNoiseSaopin,Identity,IDENTITY_BASELINE,0.0,500,50,50,0,0,50,0.0,0.0,0.0,-8.678947198979586e-15,1.0,nan,1.0,0.0,0.0
FMNoiseSaopin,Identity,IDENTITY_BASELINE,10.0,1250,50,50,0,0,50,0.0,0.0,0.0,-8.678947198979586e-15,1.0,nan,1.0,0.0,0.0
FMNoiseSaopin,Identity,IDENTITY_BASELINE,10.0,2500,50,50,0,0,50,0.0,0.0,0.0,-8.678947198979586e-15,1.0,nan,1.0,0.0,0.0
FMNoiseSaopin,Identity,IDENTITY_BASELINE,10.0,3750,50,50,0,0,50,0.0,0.0,0.0,-8.678947198979586e-15,1.0,nan,1.0,0.0,0.0
FMNoiseSaopin,Identity,IDENTITY_BASELINE,10.0,4500,50,50,0,0,50,0.0,0.0,0.0,-8.678947198979586e-15,1.0,nan,1.0,0.0,0.0
FMNoiseSaopin,Identity,IDENTITY_BASELINE,10.0,500,50,50,0,0,50,0.0,0.0,0.0,-8.678947198979586e-15,1.0,nan,1.0,0.0,0.0
FMNoiseSaopin,Identity,IDENTITY_BASELINE,20.0,1250,50,50,0,0,50,0.0,0.0,0.0,-8.678947198979586e-15,1.0,nan,1.0,0.0,0.0
FMNoiseSaopin,Identity,IDENTITY_BASELINE,20.0,2500,50,50,0,0,50,0.0,0.0,0.0,-8.678947198979586e-15,1.0,nan,1.0,0.0,0.0
FMNoiseSaopin,Identity,IDENTITY_BASELINE,20.0,3750,50,50,0,0,50,0.0,0.0,0.0,-8.678947198979586e-15,1.0,nan,1.0,0.0,0.0
FMNoiseSaopin,Identity,IDENTITY_BASELINE,20.0,4500,50,50,0,0,50,0.0,0.0,0.0,-8.678947198979586e-15,1.0,nan,1.0,0.0,0.0
FMNoiseSaopin,Identity,IDENTITY_BASELINE,20.0,500,50,50,0,0,50,0.0,0.0,0.0,-8.678947198979586e-15,1.0,nan,1.0,0.0,0.0
FMNoiseSaopin,Identity,IDENTITY_BASELINE,30.0,1250,50,50,0,0,50,0.0,0.0,0.0,-8.678947198979586e-15,1.0,nan,1.0,0.0,0.0
FMNoiseSaopin,Identity,IDENTITY_BASELINE,30.0,2500,50,50,0,0,50,0.0,0.0,0.0,-8.678947198979586e-15,1.0,nan,1.0,0.0,0.0
FMNoiseSaopin,Identity,IDENTITY_BASELINE,30.0,3750,50,50,0,0,50,0.0,0.0,0.0,-8.678947198979586e-15,1.0,nan,1.0,0.0,0.0
FMNoiseSaopin,Identity,IDENTITY_BASELINE,30.0,4500,50,50,0,0,50,0.0,0.0,0.0,-8.678947198979586e-15,1.0,nan,1.0,0.0,0.0
FMNoiseSaopin,Identity,IDENTITY_BASELINE,30.0,500,50,50,0,0,50,0.0,0.0,0.0,-8.678947198979586e-15,1.0,nan,1.0,0.0,0.0
FMZuse,Identity,IDENTITY_BASELINE,0.0,1250,50,50,0,0,50,0.0,0.0,0.0,-8.678947198979586e-15,1.0,nan,1.0,0.0,0.0
FMZuse,Identity,IDENTITY_BASELINE,0.0,2500,50,50,0,0,50,0.0,0.0,0.0,-8.678947198979586e-15,1.0,nan,1.0,0.0,0.0
FMZuse,Identity,IDENTITY_BASELINE,0.0,3750,50,50,0,0,50,0.0,0.0,0.0,-8.678947198979586e-15,1.0,nan,1.0,0.0,0.0
FMZuse,Identity,IDENTITY_BASELINE,0.0,4500,50,50,0,0,50,0.0,0.0,0.0,-8.678947198979586e-15,1.0,nan,1.0,0.0,0.0
FMZuse,Identity,IDENTITY_BASELINE,0.0,500,50,50,0,0,50,0.0,0.0,0.0,-8.678947198979586e-15,1.0,nan,1.0,0.0,0.0
FMZuse,Identity,IDENTITY_BASELINE,10.0,1250,50,50,0,0,50,0.0,0.0,0.0,-8.678947198979586e-15,1.0,nan,1.0,0.0,0.0
FMZuse,Identity,IDENTITY_BASELINE,10.0,2500,50,50,0,0,50,0.0,0.0,0.0,-8.678947198979586e-15,1.0,nan,1.0,0.0,0.0
FMZuse,Identity,IDENTITY_BASELINE,10.0,3750,50,50,0,0,50,0.0,0.0,0.0,-8.678947198979586e-15,1.0,nan,1.0,0.0,0.0
FMZuse,Identity,IDENTITY_BASELINE,10.0,4500,50,50,0,0,50,0.0,0.0,0.0,-8.678947198979586e-15,1.0,nan,1.0,0.0,0.0
FMZuse,Identity,IDENTITY_BASELINE,10.0,500,50,50,0,0,50,0.0,0.0,0.0,-8.678947198979586e-15,1.0,nan,1.0,0.0,0.0
FMZuse,Identity,IDENTITY_BASELINE,20.0,1250,50,50,0,0,50,0.0,0.0,0.0,-8.678947198979586e-15,0.58,nan,1.0,0.0,0.0
FMZuse,Identity,IDENTITY_BASELINE,20.0,2500,50,50,0,0,50,0.0,0.0,0.0,-8.678947198979586e-15,0.58,nan,1.0,0.0,0.0
FMZuse,Identity,IDENTITY_BASELINE,20.0,3750,50,50,0,0,50,0.0,0.0,0.0,-8.678947198979586e-15,0.58,nan,1.0,0.0,0.0
FMZuse,Identity,IDENTITY_BASELINE,20.0,4500,50,50,0,0,50,0.0,0.0,0.0,-8.678947198979586e-15,0.58,nan,1.0,0.0,0.0
FMZuse,Identity,IDENTITY_BASELINE,20.0,500,50,50,0,0,50,0.0,0.0,0.0,-8.678947198979586e-15,0.58,nan,1.0,0.0,0.0
FMZuse,Identity,IDENTITY_BASELINE,30.0,1250,50,50,0,0,50,0.0,0.0,0.0,-8.678947198979586e-15,0.02,nan,1.0,0.0,0.0
FMZuse,Identity,IDENTITY_BASELINE,30.0,2500,50,50,0,0,50,0.0,0.0,0.0,-8.678947198979586e-15,0.02,nan,1.0,0.0,0.0
FMZuse,Identity,IDENTITY_BASELINE,30.0,3750,50,50,0,0,50,0.0,0.0,0.0,-8.678947198979586e-15,0.02,nan,1.0,0.0,0.0
FMZuse,Identity,IDENTITY_BASELINE,30.0,4500,50,50,0,0,50,0.0,0.0,0.0,-8.678947198979586e-15,0.02,nan,1.0,0.0,0.0
FMZuse,Identity,IDENTITY_BASELINE,30.0,500,50,50,0,0,50,0.0,0.0,0.0,-8.678947198979586e-15,0.0,nan,1.0,0.0,0.0
NoJammer,Identity,IDENTITY_BASELINE,0.0,1250,50,50,0,0,50,0.0,0.0,0.0,-8.678947198979586e-15,1.0,nan,1.0,0.0,0.0
NoJammer,Identity,IDENTITY_BASELINE,0.0,2500,50,50,0,0,50,0.0,0.0,0.0,-8.678947198979586e-15,1.0,nan,1.0,0.0,0.0
NoJammer,Identity,IDENTITY_BASELINE,0.0,3750,50,50,0,0,50,0.0,0.0,0.0,-8.678947198979586e-15,1.0,nan,1.0,0.0,0.0
NoJammer,Identity,IDENTITY_BASELINE,0.0,4500,50,50,0,0,50,0.0,0.0,0.0,-8.678947198979586e-15,1.0,nan,1.0,0.0,0.0
NoJammer,Identity,IDENTITY_BASELINE,0.0,500,50,50,0,0,50,0.0,0.0,0.0,-8.678947198979586e-15,1.0,nan,1.0,0.0,0.0
NoJammer,Identity,IDENTITY_BASELINE,10.0,1250,50,50,0,0,50,0.0,0.0,0.0,-8.678947198979586e-15,1.0,nan,1.0,0.0,0.0
NoJammer,Identity,IDENTITY_BASELINE,10.0,2500,50,50,0,0,50,0.0,0.0,0.0,-8.678947198979586e-15,1.0,nan,1.0,0.0,0.0
NoJammer,Identity,IDENTITY_BASELINE,10.0,3750,50,50,0,0,50,0.0,0.0,0.0,-8.678947198979586e-15,1.0,nan,1.0,0.0,0.0
NoJammer,Identity,IDENTITY_BASELINE,10.0,4500,50,50,0,0,50,0.0,0.0,0.0,-8.678947198979586e-15,1.0,nan,1.0,0.0,0.0
NoJammer,Identity,IDENTITY_BASELINE,10.0,500,50,50,0,0,50,0.0,0.0,0.0,-8.678947198979586e-15,1.0,nan,1.0,0.0,0.0
NoJammer,Identity,IDENTITY_BASELINE,20.0,1250,50,50,0,0,50,0.0,0.0,0.0,-8.678947198979586e-15,1.0,nan,1.0,0.0,0.0
NoJammer,Identity,IDENTITY_BASELINE,20.0,2500,50,50,0,0,50,0.0,0.0,0.0,-8.678947198979586e-15,1.0,nan,1.0,0.0,0.0
NoJammer,Identity,IDENTITY_BASELINE,20.0,3750,50,50,0,0,50,0.0,0.0,0.0,-8.678947198979586e-15,1.0,nan,1.0,0.0,0.0
NoJammer,Identity,IDENTITY_BASELINE,20.0,4500,50,50,0,0,50,0.0,0.0,0.0,-8.678947198979586e-15,1.0,nan,1.0,0.0,0.0
NoJammer,Identity,IDENTITY_BASELINE,20.0,500,50,50,0,0,50,0.0,0.0,0.0,-8.678947198979586e-15,1.0,nan,1.0,0.0,0.0
NoJammer,Identity,IDENTITY_BASELINE,30.0,1250,50,50,0,0,50,0.0,0.0,0.0,-8.678947198979586e-15,1.0,nan,1.0,0.0,0.0
NoJammer,Identity,IDENTITY_BASELINE,30.0,2500,50,50,0,0,50,0.0,0.0,0.0,-8.678947198979586e-15,1.0,nan,1.0,0.0,0.0
NoJammer,Identity,IDENTITY_BASELINE,30.0,3750,50,50,0,0,50,0.0,0.0,0.0,-8.678947198979586e-15,1.0,nan,1.0,0.0,0.0
NoJammer,Identity,IDENTITY_BASELINE,30.0,4500,50,50,0,0,50,0.0,0.0,0.0,-8.678947198979586e-15,1.0,nan,1.0,0.0,0.0
NoJammer,Identity,IDENTITY_BASELINE,30.0,500,50,50,0,0,50,0.0,0.0,0.0,-8.678947198979586e-15,1.0,nan,1.0,0.0,0.0
NoiseConvolutionJamming,Identity,IDENTITY_BASELINE,0.0,1250,50,50,0,0,50,0.0,0.0,0.0,-8.678947198979586e-15,1.0,nan,1.0,0.0,0.0
NoiseConvolutionJamming,Identity,IDENTITY_BASELINE,0.0,2500,50,50,0,0,50,0.0,0.0,0.0,-8.678947198979586e-15,1.0,nan,1.0,0.0,0.0
NoiseConvolutionJamming,Identity,IDENTITY_BASELINE,0.0,3750,50,50,0,0,50,0.0,0.0,0.0,-8.678947198979586e-15,1.0,nan,1.0,0.0,0.0
NoiseConvolutionJamming,Identity,IDENTITY_BASELINE,0.0,4500,50,50,0,0,50,0.0,0.0,0.0,-8.678947198979586e-15,1.0,nan,1.0,0.0,0.0
NoiseConvolutionJamming,Identity,IDENTITY_BASELINE,0.0,500,50,50,0,0,50,0.0,0.0,0.0,-8.678947198979586e-15,1.0,nan,1.0,0.0,0.0
NoiseConvolutionJamming,Identity,IDENTITY_BASELINE,10.0,1250,50,50,0,0,50,0.0,0.0,0.0,-8.678947198979586e-15,0.16,nan,1.0,0.0,0.0
NoiseConvolutionJamming,Identity,IDENTITY_BASELINE,10.0,2500,50,50,0,0,50,0.0,0.0,0.0,-8.678947198979586e-15,0.16,nan,1.0,0.0,0.0
NoiseConvolutionJamming,Identity,IDENTITY_BASELINE,10.0,3750,50,50,0,0,50,0.0,0.0,0.0,-8.678947198979586e-15,0.16,nan,1.0,0.0,0.0
NoiseConvolutionJamming,Identity,IDENTITY_BASELINE,10.0,4500,50,50,0,0,50,0.0,0.0,0.0,-8.678947198979586e-15,0.16,nan,1.0,0.0,0.0
NoiseConvolutionJamming,Identity,IDENTITY_BASELINE,10.0,500,50,50,0,0,50,0.0,0.0,0.0,-8.678947198979586e-15,0.18,nan,1.0,0.0,0.0
NoiseConvolutionJamming,Identity,IDENTITY_BASELINE,20.0,1250,50,50,0,0,50,0.0,0.0,0.0,-8.678947198979586e-15,0.0,nan,1.0,0.0,0.0
NoiseConvolutionJamming,Identity,IDENTITY_BASELINE,20.0,2500,50,50,0,0,50,0.0,0.0,0.0,-8.678947198979586e-15,0.0,nan,1.0,0.0,0.0
NoiseConvolutionJamming,Identity,IDENTITY_BASELINE,20.0,3750,50,50,0,0,50,0.0,0.0,0.0,-8.678947198979586e-15,0.0,nan,1.0,0.0,0.0
NoiseConvolutionJamming,Identity,IDENTITY_BASELINE,20.0,4500,50,50,0,0,50,0.0,0.0,0.0,-8.678947198979586e-15,0.0,nan,1.0,0.0,0.0
NoiseConvolutionJamming,Identity,IDENTITY_BASELINE,20.0,500,50,50,0,0,50,0.0,0.0,0.0,-8.678947198979586e-15,0.0,nan,1.0,0.0,0.0
NoiseConvolutionJamming,Identity,IDENTITY_BASELINE,30.0,1250,50,50,0,0,50,0.0,0.0,0.0,-8.678947198979586e-15,0.0,nan,1.0,0.0,0.0
NoiseConvolutionJamming,Identity,IDENTITY_BASELINE,30.0,2500,50,50,0,0,50,0.0,0.0,0.0,-8.678947198979586e-15,0.0,nan,1.0,0.0,0.0
NoiseConvolutionJamming,Identity,IDENTITY_BASELINE,30.0,3750,50,50,0,0,50,0.0,0.0,0.0,-8.678947198979586e-15,0.0,nan,1.0,0.0,0.0
NoiseConvolutionJamming,Identity,IDENTITY_BASELINE,30.0,4500,50,50,0,0,50,0.0,0.0,0.0,-8.678947198979586e-15,0.0,nan,1.0,0.0,0.0
NoiseConvolutionJamming,Identity,IDENTITY_BASELINE,30.0,500,50,50,0,0,50,0.0,0.0,0.0,-8.678947198979586e-15,0.0,nan,1.0,0.0,0.0
NoiseProductJamming,Identity,IDENTITY_BASELINE,0.0,1250,50,50,0,0,50,0.0,0.0,0.0,-8.678947198979586e-15,1.0,nan,1.0,0.0,0.0
NoiseProductJamming,Identity,IDENTITY_BASELINE,0.0,2500,50,50,0,0,50,0.0,0.0,0.0,-8.678947198979586e-15,1.0,nan,1.0,0.0,0.0
NoiseProductJamming,Identity,IDENTITY_BASELINE,0.0,3750,50,50,0,0,50,0.0,0.0,0.0,-8.678947198979586e-15,1.0,nan,1.0,0.0,0.0
NoiseProductJamming,Identity,IDENTITY_BASELINE,0.0,4500,50,50,0,0,50,0.0,0.0,0.0,-8.678947198979586e-15,1.0,nan,1.0,0.0,0.0
NoiseProductJamming,Identity,IDENTITY_BASELINE,0.0,500,50,50,0,0,50,0.0,0.0,0.0,-8.678947198979586e-15,1.0,nan,1.0,0.0,0.0
NoiseProductJamming,Identity,IDENTITY_BASELINE,10.0,1250,50,50,0,0,50,0.0,0.0,0.0,-8.678947198979586e-15,0.16,nan,1.0,0.0,0.0
NoiseProductJamming,Identity,IDENTITY_BASELINE,10.0,2500,50,50,0,0,50,0.0,0.0,0.0,-8.678947198979586e-15,0.16,nan,1.0,0.0,0.0
NoiseProductJamming,Identity,IDENTITY_BASELINE,10.0,3750,50,50,0,0,50,0.0,0.0,0.0,-8.678947198979586e-15,0.16,nan,1.0,0.0,0.0
NoiseProductJamming,Identity,IDENTITY_BASELINE,10.0,4500,50,50,0,0,50,0.0,0.0,0.0,-8.678947198979586e-15,0.16,nan,1.0,0.0,0.0
NoiseProductJamming,Identity,IDENTITY_BASELINE,10.0,500,50,50,0,0,50,0.0,0.0,0.0,-8.678947198979586e-15,0.16,nan,1.0,0.0,0.0
NoiseProductJamming,Identity,IDENTITY_BASELINE,20.0,1250,50,50,0,0,50,0.0,0.0,0.0,-8.678947198979586e-15,0.0,nan,1.0,0.0,0.0
NoiseProductJamming,Identity,IDENTITY_BASELINE,20.0,2500,50,50,0,0,50,0.0,0.0,0.0,-8.678947198979586e-15,0.0,nan,1.0,0.0,0.0
NoiseProductJamming,Identity,IDENTITY_BASELINE,20.0,3750,50,50,0,0,50,0.0,0.0,0.0,-8.678947198979586e-15,0.0,nan,1.0,0.0,0.0
NoiseProductJamming,Identity,IDENTITY_BASELINE,20.0,4500,50,50,0,0,50,0.0,0.0,0.0,-8.678947198979586e-15,0.0,nan,1.0,0.0,0.0
NoiseProductJamming,Identity,IDENTITY_BASELINE,20.0,500,50,50,0,0,50,0.0,0.0,0.0,-8.678947198979586e-15,0.0,nan,1.0,0.0,0.0
NoiseProductJamming,Identity,IDENTITY_BASELINE,30.0,1250,50,50,0,0,50,0.0,0.0,0.0,-8.678947198979586e-15,0.0,nan,1.0,0.0,0.0
NoiseProductJamming,Identity,IDENTITY_BASELINE,30.0,2500,50,50,0,0,50,0.0,0.0,0.0,-8.678947198979586e-15,0.0,nan,1.0,0.0,0.0
NoiseProductJamming,Identity,IDENTITY_BASELINE,30.0,3750,50,50,0,0,50,0.0,0.0,0.0,-8.678947198979586e-15,0.0,nan,1.0,0.0,0.0
NoiseProductJamming,Identity,IDENTITY_BASELINE,30.0,4500,50,50,0,0,50,0.0,0.0,0.0,-8.678947198979586e-15,0.0,nan,1.0,0.0,0.0
NoiseProductJamming,Identity,IDENTITY_BASELINE,30.0,500,50,50,0,0,50,0.0,0.0,0.0,-8.678947198979586e-15,0.0,nan,1.0,0.0,0.0
SMSP,Identity,IDENTITY_BASELINE,0.0,1250,50,50,0,0,50,0.0,0.0,0.0,-8.678947198979586e-15,1.0,nan,1.0,0.0,0.0
SMSP,Identity,IDENTITY_BASELINE,0.0,2500,50,50,0,0,50,0.0,0.0,0.0,-8.678947198979586e-15,1.0,nan,1.0,0.0,0.0
SMSP,Identity,IDENTITY_BASELINE,0.0,3750,50,50,0,0,50,0.0,0.0,0.0,-8.678947198979586e-15,1.0,nan,1.0,0.0,0.0
SMSP,Identity,IDENTITY_BASELINE,0.0,4500,50,50,0,0,50,0.0,0.0,0.0,-8.678947198979586e-15,1.0,nan,1.0,0.0,0.0
SMSP,Identity,IDENTITY_BASELINE,0.0,500,50,50,0,0,50,0.0,0.0,0.0,-8.678947198979586e-15,1.0,nan,1.0,0.0,0.0
SMSP,Identity,IDENTITY_BASELINE,10.0,1250,50,50,0,0,50,0.0,0.0,0.0,-8.678947198979586e-15,0.22,nan,1.0,0.0,0.0
SMSP,Identity,IDENTITY_BASELINE,10.0,2500,50,50,0,0,50,0.0,0.0,0.0,-8.678947198979586e-15,0.22,nan,1.0,0.0,0.0
SMSP,Identity,IDENTITY_BASELINE,10.0,3750,50,50,0,0,50,0.0,0.0,0.0,-8.678947198979586e-15,0.22,nan,1.0,0.0,0.0
SMSP,Identity,IDENTITY_BASELINE,10.0,4500,50,50,0,0,50,0.0,0.0,0.0,-8.678947198979586e-15,0.22,nan,1.0,0.0,0.0
SMSP,Identity,IDENTITY_BASELINE,10.0,500,50,50,0,0,50,0.0,0.0,0.0,-8.678947198979586e-15,0.4,nan,1.0,0.0,0.0
SMSP,Identity,IDENTITY_BASELINE,20.0,1250,50,50,0,0,50,0.0,0.0,0.0,-8.678947198979586e-15,0.0,nan,1.0,0.0,0.0
SMSP,Identity,IDENTITY_BASELINE,20.0,2500,50,50,0,0,50,0.0,0.0,0.0,-8.678947198979586e-15,0.0,nan,1.0,0.0,0.0
SMSP,Identity,IDENTITY_BASELINE,20.0,3750,50,50,0,0,50,0.0,0.0,0.0,-8.678947198979586e-15,0.0,nan,1.0,0.0,0.0
SMSP,Identity,IDENTITY_BASELINE,20.0,4500,50,50,0,0,50,0.0,0.0,0.0,-8.678947198979586e-15,0.0,nan,1.0,0.0,0.0
SMSP,Identity,IDENTITY_BASELINE,20.0,500,50,50,0,0,50,0.0,0.0,0.0,-8.678947198979586e-15,0.0,nan,1.0,0.0,0.0
SMSP,Identity,IDENTITY_BASELINE,30.0,1250,50,50,0,0,50,0.0,0.0,0.0,-8.678947198979586e-15,0.0,nan,1.0,0.0,0.0
SMSP,Identity,IDENTITY_BASELINE,30.0,2500,50,50,0,0,50,0.0,0.0,0.0,-8.678947198979586e-15,0.0,nan,1.0,0.0,0.0
SMSP,Identity,IDENTITY_BASELINE,30.0,3750,50,50,0,0,50,0.0,0.0,0.0,-8.678947198979586e-15,0.0,nan,1.0,0.0,0.0
SMSP,Identity,IDENTITY_BASELINE,30.0,4500,50,50,0,0,50,0.0,0.0,0.0,-8.678947198979586e-15,0.0,nan,1.0,0.0,0.0
SMSP,Identity,IDENTITY_BASELINE,30.0,500,50,50,0,0,50,0.0,0.0,0.0,-8.678947198979586e-15,0.0,nan,1.0,0.0,0.0
AMNoiseGaiJam,adapt_filter_fair_frozen,FROZEN_FAIR_REJECTION_CONFIRMATION,0.0,1250,50,50,0,0,0,8.404921713071895,0.27810319582524257,0.0770862730099703,-8.685885308092612e-06,1.0,1.0,0.9505988612624844,1.498140023322776,563999.84
AMNoiseGaiJam,adapt_filter_fair_frozen,FROZEN_FAIR_REJECTION_CONFIRMATION,0.0,2500,50,50,0,0,0,8.348224617510256,0.28257213238368084,0.07832499902527466,-8.685885305199628e-06,1.0,1.0,0.950598861262485,1.5249099605716765,563997.08
AMNoiseGaiJam,adapt_filter_fair_frozen,FROZEN_FAIR_REJECTION_CONFIRMATION,0.0,3750,50,50,0,0,0,8.1928091393585,0.29445541130371405,0.08161887589125262,-8.685885305199628e-06,1.0,1.0,0.9505988612624864,1.5166356973350048,563998.0
AMNoiseGaiJam,adapt_filter_fair_frozen,FROZEN_FAIR_REJECTION_CONFIRMATION,0.0,4500,50,50,0,0,0,8.13608023649978,0.2984386332510976,0.0827229686852393,-8.685885304235298e-06,1.0,1.0,0.9508964614136811,1.5679016953799874,563997.08
AMNoiseGaiJam,adapt_filter_fair_frozen,FROZEN_FAIR_REJECTION_CONFIRMATION,0.0,500,50,50,0,0,0,6.208153171425586,0.28493407845907015,0.07897969707526292,-8.685885305199628e-06,1.0,0.0,0.9520957518989545,1.5465632837731391,564000.8
AMNoiseGaiJam,adapt_filter_fair_frozen,FROZEN_FAIR_REJECTION_CONFIRMATION,10.0,1250,50,50,0,0,0,16.657571316035064,0.45570612042659064,0.12631529208888742,-8.685885308092612e-06,1.0,0.92,0.8660790725865524,1.4265916438307613,563998.0
AMNoiseGaiJam,adapt_filter_fair_frozen,FROZEN_FAIR_REJECTION_CONFIRMATION,10.0,2500,50,50,0,0,0,16.685393822574554,0.4571976548471047,0.12672872433730992,-8.685885305199628e-06,1.0,0.92,0.8660790725865525,1.415925860637799,563998.0
AMNoiseGaiJam,adapt_filter_fair_frozen,FROZEN_FAIR_REJECTION_CONFIRMATION,10.0,3750,50,50,0,0,0,16.666466124150773,0.4585620087752465,0.12710690395180474,-8.685885305199628e-06,1.0,0.92,0.8660790725865539,1.4292149769607931,563998.0
AMNoiseGaiJam,adapt_filter_fair_frozen,FROZEN_FAIR_REJECTION_CONFIRMATION,10.0,4500,50,50,0,0,0,16.697127613246007,0.45894754537476856,0.12721376924502045,-8.685885304235298e-06,1.0,0.92,0.8662542036145939,1.4672408788464963,563998.0
AMNoiseGaiJam,adapt_filter_fair_frozen,FROZEN_FAIR_REJECTION_CONFIRMATION,10.0,500,50,50,0,0,0,13.544601951287861,0.486197570868318,0.13476709094810654,-8.685885305199628e-06,1.0,0.0,0.8939359490576494,1.4553107775282115,563998.0
AMNoiseGaiJam,adapt_filter_fair_frozen,FROZEN_FAIR_REJECTION_CONFIRMATION,20.0,1250,50,50,0,0,0,23.493581018332492,6.775246944354286,1.8780026389580096,-8.685885308092612e-06,0.98,5.22,0.6698140117659531,1.4472715824376792,563981.44
AMNoiseGaiJam,adapt_filter_fair_frozen,FROZEN_FAIR_REJECTION_CONFIRMATION,20.0,2500,50,50,0,0,0,23.53207826428049,6.780568999243644,1.8794778373100374,-8.685885305199628e-06,0.98,5.22,0.6698140117659531,1.4516967278905213,563981.44
AMNoiseGaiJam,adapt_filter_fair_frozen,FROZEN_FAIR_REJECTION_CONFIRMATION,20.0,3750,50,50,0,0,0,23.53015776690806,6.780546773129403,1.8794716765454866,-8.685885305199628e-06,0.98,5.22,0.6698140117659536,1.456894917646423,563981.44
AMNoiseGaiJam,adapt_filter_fair_frozen,FROZEN_FAIR_REJECTION_CONFIRMATION,20.0,4500,50,50,0,0,0,23.570518022813364,6.786367273715733,1.881085036995808,-8.685885304235298e-06,0.98,5.22,0.6699567570464608,1.5085366065613925,563981.44
AMNoiseGaiJam,adapt_filter_fair_frozen,FROZEN_FAIR_REJECTION_CONFIRMATION,20.0,500,50,50,0,0,0,21.228064698691988,0.9012768881339261,0.24982120773587374,-8.685885305199628e-06,1.0,0.0,0.7512692392291762,1.4970883657224476,563983.28
AMNoiseGaiJam,adapt_filter_fair_frozen,FROZEN_FAIR_REJECTION_CONFIRMATION,30.0,1250,50,50,0,0,0,-19.703021916371238,18.51814895115223,5.132969009765859,-8.685885308092612e-06,0.1,296.46,0.5450808452222322,1.740116641158238,563951.2
AMNoiseGaiJam,adapt_filter_fair_frozen,FROZEN_FAIR_REJECTION_CONFIRMATION,30.0,2500,50,50,0,0,0,-19.663741106553886,18.517620628475324,5.132822566191241,-8.685885305199628e-06,0.1,296.46,0.5450808452222322,1.4571707986760885,563906.0
AMNoiseGaiJam,adapt_filter_fair_frozen,FROZEN_FAIR_REJECTION_CONFIRMATION,30.0,3750,50,50,0,0,0,-19.6639315338588,18.51761646989713,5.132821413492176,-8.685885305199628e-06,0.1,296.46,0.5450808452222323,1.4619982813019305,563906.0
AMNoiseGaiJam,adapt_filter_fair_frozen,FROZEN_FAIR_REJECTION_CONFIRMATION,30.0,4500,50,50,0,0,0,-20.995168201702043,17.126797322830274,4.74730601457651,-8.685885304235298e-06,0.08,308.14,0.5448230712772784,1.4915433793794364,563906.0
AMNoiseGaiJam,adapt_filter_fair_frozen,FROZEN_FAIR_REJECTION_CONFIRMATION,30.0,500,50,50,0,0,0,10.475926773710023,21.366061076697505,5.9223699764348705,-8.685885305199628e-06,0.64,61.72,0.5770266535950617,1.502629138994962,563906.0
FMNoiseAimedJam,adapt_filter_fair_frozen,FROZEN_FAIR_REJECTION_CONFIRMATION,0.0,1250,50,50,0,0,0,10.332464519017126,0.4734972583136717,0.13124674391291954,-8.685885308092612e-06,1.0,0.98,0.9271614810798249,1.4385832834523171,563906.0
FMNoiseAimedJam,adapt_filter_fair_frozen,FROZEN_FAIR_REJECTION_CONFIRMATION,0.0,2500,50,50,0,0,0,10.304426574446039,0.47214375168102474,0.13087157101533592,-8.685885305199628e-06,1.0,0.98,0.9271375619462242,1.436425760621205,563906.0
FMNoiseAimedJam,adapt_filter_fair_frozen,FROZEN_FAIR_REJECTION_CONFIRMATION,0.0,3750,50,50,0,0,0,10.196238585018412,0.47613133715993106,0.1319768733185526,-8.685885305199628e-06,1.0,0.98,0.9271375619462258,1.4491316035855561,563906.0
FMNoiseAimedJam,adapt_filter_fair_frozen,FROZEN_FAIR_REJECTION_CONFIRMATION,0.0,4500,50,50,0,0,0,10.16702720253188,0.4785513655405767,0.13264767096217103,-8.685885304235298e-06,1.0,0.98,0.9271375619462283,1.4748958381824195,563906.0
FMNoiseAimedJam,adapt_filter_fair_frozen,FROZEN_FAIR_REJECTION_CONFIRMATION,0.0,500,50,50,0,0,0,7.537719554784408,0.5533663991825454,0.15338534027036183,-8.685885305199628e-06,1.0,0.0,0.9438512541889058,1.4653799985535443,563910.0
FMNoiseAimedJam,adapt_filter_fair_frozen,FROZEN_FAIR_REJECTION_CONFIRMATION,10.0,1250,50,50,0,0,0,19.43798191251592,1.2550001751876019,0.34786830063205965,-8.685885308092612e-06,1.0,0.94,0.7762862241912589,1.325920798117295,563906.0
FMNoiseAimedJam,adapt_filter_fair_frozen,FROZEN_FAIR_REJECTION_CONFIRMATION,10.0,2500,50,50,0,0,0,19.470485368077302,1.2492346348354055,0.34627017438140456,-8.685885305199628e-06,1.0,0.94,0.776286224191259,1.3252799795009196,563906.0
FMNoiseAimedJam,adapt_filter_fair_frozen,FROZEN_FAIR_REJECTION_CONFIRMATION,10.0,3750,50,50,0,0,0,19.457855495373202,1.2493640186673796,0.34630603774991076,-8.685885305199628e-06,1.0,0.94,0.7762862241912601,1.33130420348607,563906.0
FMNoiseAimedJam,adapt_filter_fair_frozen,FROZEN_FAIR_REJECTION_CONFIRMATION,10.0,4500,50,50,0,0,0,19.491963326727365,1.249457422709221,0.3463319280294102,-8.685885304235298e-06,1.0,0.92,0.7761857107609356,1.3787116413004696,563906.0
FMNoiseAimedJam,adapt_filter_fair_frozen,FROZEN_FAIR_REJECTION_CONFIRMATION,10.0,500,50,50,0,0,0,15.921049335491535,1.3366969091638745,0.3705134799534627,-8.685885305199628e-06,1.0,0.02,0.8501104321695705,1.3399125402793288,563908.76
FMNoiseAimedJam,adapt_filter_fair_frozen,FROZEN_FAIR_REJECTION_CONFIRMATION,20.0,1250,50,50,0,0,0,-8.43923327300382,25.7570167351907,7.139480789062783,-8.685885308092612e-06,0.34,236.56,0.5649604806852522,1.5572733397129923,563906.0
FMNoiseAimedJam,adapt_filter_fair_frozen,FROZEN_FAIR_REJECTION_CONFIRMATION,20.0,2500,50,50,0,0,0,-8.399899546762068,25.76481809488367,7.141643215644601,-8.685885305199628e-06,0.34,236.56,0.5649604806852522,1.5689741831738502,563906.0
FMNoiseAimedJam,adapt_filter_fair_frozen,FROZEN_FAIR_REJECTION_CONFIRMATION,20.0,3750,50,50,0,0,0,-8.401184727396414,25.764811164153027,7.14164129454408,-8.685885305199628e-06,0.34,236.56,0.5649604806852523,1.5643841412384063,563906.0
FMNoiseAimedJam,adapt_filter_fair_frozen,FROZEN_FAIR_REJECTION_CONFIRMATION,20.0,4500,50,50,0,0,0,-9.42699907330512,25.44393628845074,7.052699316739661,-8.685885304235298e-06,0.32,242.38,0.5617477229941262,1.608178319875151,563906.0
FMNoiseAimedJam,adapt_filter_fair_frozen,FROZEN_FAIR_REJECTION_CONFIRMATION,20.0,500,50,50,0,0,0,11.831148427143678,17.99221471124387,4.987187476106881,-8.685885305199628e-06,0.68,37.82,0.6555466919570269,1.5794807416386902,563906.0
FMNoiseAimedJam,adapt_filter_fair_frozen,FROZEN_FAIR_REJECTION_CONFIRMATION,30.0,1250,50,50,0,0,0,-20.807971180738956,13.934613497440747,3.862477801323547,-8.685885308092612e-06,0.04,347.3,0.5635275802319122,1.4639491529669613,563906.0
FMNoiseAimedJam,adapt_filter_fair_frozen,FROZEN_FAIR_REJECTION_CONFIRMATION,30.0,2500,50,50,0,0,0,-20.768122916398088,13.940345149959823,3.8640665343460947,-8.685885305199628e-06,0.04,347.3,0.5635275802319121,1.4600250986404717,563906.0
FMNoiseAimedJam,adapt_filter_fair_frozen,FROZEN_FAIR_REJECTION_CONFIRMATION,30.0,3750,50,50,0,0,0,-20.768251681739574,13.94034556882237,3.864066650448869,-8.685885305199628e-06,0.04,347.3,0.5635275802319122,1.453775861300528,563906.0
FMNoiseAimedJam,adapt_filter_fair_frozen,FROZEN_FAIR_REJECTION_CONFIRMATION,30.0,4500,50,50,0,0,0,-21.804429668878807,12.288792675505105,3.4062795443105327,-8.685885304235298e-06,0.02,353.2,0.5648080945927965,1.5012858982663602,563906.0
FMNoiseAimedJam,adapt_filter_fair_frozen,FROZEN_FAIR_REJECTION_CONFIRMATION,30.0,500,50,50,0,0,0,-1.6827241643677797,17.535979600850546,4.860725555480072,-8.685885305199628e-06,0.22,83.42,0.6089976575147363,1.488449004245922,563906.0
FMNoiseSaopin,adapt_filter_fair_frozen,FROZEN_FAIR_REJECTION_CONFIRMATION,0.0,1250,50,50,0,0,0,6.805607605774152,3.024569313891165,0.838367841032305,-8.685885308092612e-06,1.0,1.0,0.9694459934516364,1.454594221431762,563906.0
FMNoiseSaopin,adapt_filter_fair_frozen,FROZEN_FAIR_REJECTION_CONFIRMATION,0.0,2500,50,50,0,0,0,7.308954461776408,3.2083432840286235,0.8893073866642951,-8.685885305199628e-06,1.0,1.0,0.9612263756577311,1.4728024147916585,563906.0
FMNoiseSaopin,adapt_filter_fair_frozen,FROZEN_FAIR_REJECTION_CONFIRMATION,0.0,3750,50,50,0,0,0,7.022677884196851,3.4212775639368562,0.948329757786208,-8.685885305199628e-06,1.0,1.0,0.9612392440675851,1.4527749607805163,563906.0
FMNoiseSaopin,adapt_filter_fair_frozen,FROZEN_FAIR_REJECTION_CONFIRMATION,0.0,4500,50,50,0,0,0,6.85971841347736,3.5893553793075283,0.9949185512883321,-8.685885304235298e-06,1.0,1.0,0.9616373302588133,1.480284237768501,563906.0
FMNoiseSaopin,adapt_filter_fair_frozen,FROZEN_FAIR_REJECTION_CONFIRMATION,0.0,500,50,50,0,0,0,2.607990441165163,0.15752185651732778,0.04366283098797076,-8.685885305199628e-06,1.0,0.0,0.9751896303733913,1.473233342403546,563910.0
FMNoiseSaopin,adapt_filter_fair_frozen,FROZEN_FAIR_REJECTION_CONFIRMATION,10.0,1250,50,50,0,0,0,12.924498381801648,6.557214563537395,1.8175671463604117,-8.685885308092612e-06,1.0,1.0,0.9307139555871349,1.4709566801320761,563906.0
FMNoiseSaopin,adapt_filter_fair_frozen,FROZEN_FAIR_REJECTION_CONFIRMATION,10.0,2500,50,50,0,0,0,14.107266001667131,6.499117254538343,1.8014633939049394,-8.685885305199628e-06,1.0,1.0,0.8916014966611537,1.4804758410900831,563906.0
FMNoiseSaopin,adapt_filter_fair_frozen,FROZEN_FAIR_REJECTION_CONFIRMATION,10.0,3750,50,50,0,0,0,13.969264139551965,6.684248544293444,1.8527791693400315,-8.685885305199628e-06,1.0,1.0,0.8916014966611552,1.456177580403164,563906.0
FMNoiseSaopin,adapt_filter_fair_frozen,FROZEN_FAIR_REJECTION_CONFIRMATION,10.0,4500,50,50,0,0,0,13.912447959043016,6.819935472776323,1.8903896670614897,-8.685885304235298e-06,1.0,1.0,0.8916014966611574,1.5129641175735742,563906.0
FMNoiseSaopin,adapt_filter_fair_frozen,FROZEN_FAIR_REJECTION_CONFIRMATION,10.0,500,50,50,0,0,0,2.639354090748268,0.16161463190994382,0.04479729044769571,-8.685885305199628e-06,1.0,0.0,0.9748419099659761,1.4787016587797552,563906.0
FMNoiseSaopin,adapt_filter_fair_frozen,FROZEN_FAIR_REJECTION_CONFIRMATION,20.0,1250,50,50,0,0,0,19.491918307712837,12.016147332670664,3.3307061109658838,-8.685885308092612e-06,0.98,15.52,0.7987020710134236,1.4370266709011048,563906.0
FMNoiseSaopin,adapt_filter_fair_frozen,FROZEN_FAIR_REJECTION_CONFIRMATION,20.0,2500,50,50,0,0,0,21.627436089615788,11.120333359073323,3.082399145884244,-8.685885305199628e-06,0.98,15.52,0.6630541289905816,1.4247933379374444,563906.0
FMNoiseSaopin,adapt_filter_fair_frozen,FROZEN_FAIR_REJECTION_CONFIRMATION,20.0,3750,50,50,0,0,0,21.594924335745162,11.152923705692661,3.0914327290817796,-8.685885305199628e-06,0.98,15.52,0.6630541289905821,1.414654077962041,563906.0
FMNoiseSaopin,adapt_filter_fair_frozen,FROZEN_FAIR_REJECTION_CONFIRMATION,20.0,4500,50,50,0,0,0,21.614448355804193,11.179113698171646,3.0986922246239765,-8.685885304235298e-06,0.98,15.52,0.6630541289905831,1.4663640805520117,563906.0
FMNoiseSaopin,adapt_filter_fair_frozen,FROZEN_FAIR_REJECTION_CONFIRMATION,20.0,500,50,50,0,0,0,2.9591247803518446,0.36249467717447553,0.10047839819464721,-8.685885305199628e-06,1.0,0.0,0.972444102264585,1.4499199634883553,563906.0
FMNoiseSaopin,adapt_filter_fair_frozen,FROZEN_FAIR_REJECTION_CONFIRMATION,30.0,1250,50,50,0,0,0,5.698734689083186,23.56499848347414,6.531884328715587,-8.685885308092612e-06,0.6,267.28,0.6883170949768505,1.443960879696533,563906.0
FMNoiseSaopin,adapt_filter_fair_frozen,FROZEN_FAIR_REJECTION_CONFIRMATION,30.0,2500,50,50,0,0,0,-159.32216583087018,157.3793689654618,43.623335453620385,-8.685885305199628e-06,0.8,810.1,0.5651494340325075,1.4295958215370774,563906.0
FMNoiseSaopin,adapt_filter_fair_frozen,FROZEN_FAIR_REJECTION_CONFIRMATION,30.0,3750,50,50,0,0,0,-158.86727776199973,156.93334033190632,43.49970262403533,-8.685885305199628e-06,0.8,810.1,0.5651494340325078,1.4225041843019426,563906.0
FMNoiseSaopin,adapt_filter_fair_frozen,FROZEN_FAIR_REJECTION_CONFIRMATION,30.0,4500,50,50,0,0,0,-159.09398330676652,157.1514317675374,43.560154485792275,-8.685885304235298e-06,0.8,810.1,0.5651494340325082,1.4842916210182011,563906.0
FMNoiseSaopin,adapt_filter_fair_frozen,FROZEN_FAIR_REJECTION_CONFIRMATION,30.0,500,50,50,0,0,0,4.999033397922199,1.940962434620324,0.5380073382229656,-8.685885305199628e-06,1.0,0.0,0.9572359900857137,1.453599138185382,563906.0
FMZuse,adapt_filter_fair_frozen,FROZEN_FAIR_REJECTION_CONFIRMATION,0.0,1250,50,50,0,0,0,5.991040563409687,0.2944812999109869,0.08162605184707782,-8.685885308092612e-06,1.0,1.0,0.9634638059639455,1.4517484232783318,563906.0
FMZuse,adapt_filter_fair_frozen,FROZEN_FAIR_REJECTION_CONFIRMATION,0.0,2500,50,50,0,0,0,5.881311185596165,0.30502601568251425,0.08454889793794865,-8.685885305199628e-06,1.0,1.0,0.9633200488485751,1.4546666434034705,563906.0
FMZuse,adapt_filter_fair_frozen,FROZEN_FAIR_REJECTION_CONFIRMATION,0.0,3750,50,50,0,0,0,5.569510507847242,0.3204796699662346,0.08883243236329608,-8.685885305199628e-06,1.0,1.0,0.9633200488485769,1.4481108647305518,563906.0
FMZuse,adapt_filter_fair_frozen,FROZEN_FAIR_REJECTION_CONFIRMATION,0.0,4500,50,50,0,0,0,5.406144965778489,0.33137431340879625,0.09185227345597927,-8.685885304235298e-06,1.0,1.0,0.9634246590523721,1.4898508437909186,563906.0
FMZuse,adapt_filter_fair_frozen,FROZEN_FAIR_REJECTION_CONFIRMATION,0.0,500,50,50,0,0,0,4.179247975659246,0.32173775012576056,0.08918115439203028,-8.685885305199628e-06,1.0,0.0,0.9686204454275444,1.4828783203847706,563909.52
FMZuse,adapt_filter_fair_frozen,FROZEN_FAIR_REJECTION_CONFIRMATION,10.0,1250,50,50,0,0,0,13.483470309882613,0.5402096217833261,0.1497384676354823,-8.685885308092612e-06,1.0,0.96,0.8903904787925409,1.4426891994662583,563906.0
FMZuse,adapt_filter_fair_frozen,FROZEN_FAIR_REJECTION_CONFIRMATION,10.0,2500,50,50,0,0,0,13.562439788065303,0.5395458799996747,0.14955448779954103,-8.685885305199628e-06,1.0,0.96,0.890389478938566,1.4550408988725394,563906.0
FMZuse,adapt_filter_fair_frozen,FROZEN_FAIR_REJECTION_CONFIRMATION,10.0,3750,50,50,0,0,0,13.51009439511981,0.5420110424431206,0.1502377959670919,-8.685885305199628e-06,1.0,0.96,0.8903894789385677,1.4434383995831013,563906.0
FMZuse,adapt_filter_fair_frozen,FROZEN_FAIR_REJECTION_CONFIRMATION,10.0,4500,50,50,0,0,0,13.51956886396231,0.5445126685196431,0.15093121133807116,-8.685885304235298e-06,1.0,0.96,0.8903894789385702,1.4944067189935595,563906.0
FMZuse,adapt_filter_fair_frozen,FROZEN_FAIR_REJECTION_CONFIRMATION,10.0,500,50,50,0,0,0,9.82723077068572,0.6582298075187986,0.18245199410645807,-8.685885305199628e-06,1.0,0.0,0.9357456458127434,1.480067481752485,563906.0
FMZuse,adapt_filter_fair_frozen,FROZEN_FAIR_REJECTION_CONFIRMATION,20.0,1250,50,50,0,0,0,22.121716783702038,7.286196892611964,2.019630738875898,-8.685885308092612e-06,0.98,7.4,0.6505839265414113,1.4486741181463003,563906.0
FMZuse,adapt_filter_fair_frozen,FROZEN_FAIR_REJECTION_CONFIRMATION,20.0,2500,50,50,0,0,0,22.237419620772425,7.28656878871025,2.019733823215072,-8.685885305199628e-06,0.98,7.4,0.6503808737903387,1.4640233002137393,563906.0
FMZuse,adapt_filter_fair_frozen,FROZEN_FAIR_REJECTION_CONFIRMATION,20.0,3750,50,50,0,0,0,22.231804540308804,7.286497337970393,2.019714018080424,-8.685885305199628e-06,0.98,7.4,0.6503808737903393,1.4605566847603768,563906.0
FMZuse,adapt_filter_fair_frozen,FROZEN_FAIR_REJECTION_CONFIRMATION,20.0,4500,50,50,0,0,0,22.26966387694473,7.292198572724101,2.021294319728573,-8.685885304235298e-06,0.98,7.34,0.6496663185885171,1.5149565797764808,563906.0
FMZuse,adapt_filter_fair_frozen,FROZEN_FAIR_REJECTION_CONFIRMATION,20.0,500,50,50,0,0,0,19.027423261000806,1.5546102952544254,0.4309159888957154,-8.685885305199628e-06,1.0,0.06,0.813891738689857,1.4918832841794938,563906.0
FMZuse,adapt_filter_fair_frozen,FROZEN_FAIR_REJECTION_CONFIRMATION,30.0,1250,50,50,0,0,0,-29.832900082738412,12.889036223206341,3.5726585672241944,-8.685885308092612e-06,0.02,476.56,0.5632090497849594,1.4506624825298786,563906.0
FMZuse,adapt_filter_fair_frozen,FROZEN_FAIR_REJECTION_CONFIRMATION,30.0,2500,50,50,0,0,0,-29.129463101363957,12.560694927736877,3.481647003448741,-8.685885305199628e-06,0.02,488.84,0.558755452429633,1.47390007507056,563906.0
FMZuse,adapt_filter_fair_frozen,FROZEN_FAIR_REJECTION_CONFIRMATION,30.0,3750,50,50,0,0,0,-29.13002867825692,12.56067367517301,3.481641112538586,-8.685885305199628e-06,0.02,488.84,0.5587554524296331,1.4444667065981776,563906.0
FMZuse,adapt_filter_fair_frozen,FROZEN_FAIR_REJECTION_CONFIRMATION,30.0,4500,50,50,0,0,0,-29.129698814509652,12.564633016259172,3.48273858589556,-8.685885304235298e-06,0.02,488.84,0.5614894609511896,1.4990033209323883,563906.0
FMZuse,adapt_filter_fair_frozen,FROZEN_FAIR_REJECTION_CONFIRMATION,30.0,500,50,50,0,0,0,1.1841567428567672,19.88010314927696,5.510483453036375,-8.685885305199628e-06,0.36,75.28,0.5790465290312301,1.477734186919406,563906.0
NoJammer,adapt_filter_fair_frozen,FROZEN_FAIR_REJECTION_CONFIRMATION,0.0,1250,50,50,0,0,0,4.636324568768678,0.19405105775768033,0.05378820898405624,-8.685885308092612e-06,1.0,0.0,0.9788822235498048,2.5940324610564858,563998.0
NoJammer,adapt_filter_fair_frozen,FROZEN_FAIR_REJECTION_CONFIRMATION,0.0,2500,50,50,0,0,0,4.180063939039337,0.20953038661320247,0.05807886003762311,-8.685885305199628e-06,1.0,0.0,0.9788064803013864,2.546560785267502,563998.0
NoJammer,adapt_filter_fair_frozen,FROZEN_FAIR_REJECTION_CONFIRMATION,0.0,3750,50,50,0,0,0,3.1787554348264337,0.21955989629374628,0.06085889828600186,-8.685885305199628e-06,1.0,0.0,0.9790883346555402,2.576790025923401,563998.0
NoJammer,adapt_filter_fair_frozen,FROZEN_FAIR_REJECTION_CONFIRMATION,0.0,4500,50,50,0,0,0,2.4998657865482246,0.2463104434255334,0.06827377165071798,-8.685885304235298e-06,1.0,0.0,0.9802182307268816,2.6054490834940225,563998.0
NoJammer,adapt_filter_fair_frozen,FROZEN_FAIR_REJECTION_CONFIRMATION,0.0,500,50,50,0,0,0,4.179548296633701,0.20751037861436872,0.057518942386844754,-8.685885305199628e-06,1.0,0.0,0.9798549520575527,2.5850008439738303,563998.0
NoJammer,adapt_filter_fair_frozen,FROZEN_FAIR_REJECTION_CONFIRMATION,10.0,1250,50,50,0,0,0,4.636324568768678,0.19405105775768033,0.05378820898405624,-8.685885308092612e-06,1.0,0.0,0.9788822235498048,2.3055674450006336,563998.0
NoJammer,adapt_filter_fair_frozen,FROZEN_FAIR_REJECTION_CONFIRMATION,10.0,2500,50,50,0,0,0,4.180063939039337,0.20953038661320247,0.05807886003762311,-8.685885305199628e-06,1.0,0.0,0.9788064803013864,2.2993599774781615,563998.0
NoJammer,adapt_filter_fair_frozen,FROZEN_FAIR_REJECTION_CONFIRMATION,10.0,3750,50,50,0,0,0,3.1787554348264337,0.21955989629374628,0.06085889828600186,-8.685885305199628e-06,1.0,0.0,0.9790883346555402,2.2826742206234485,563998.0
NoJammer,adapt_filter_fair_frozen,FROZEN_FAIR_REJECTION_CONFIRMATION,10.0,4500,50,50,0,0,0,2.4998657865482246,0.2463104434255334,0.06827377165071798,-8.685885304235298e-06,1.0,0.0,0.9802182307268816,2.3912399634718895,563998.0
NoJammer,adapt_filter_fair_frozen,FROZEN_FAIR_REJECTION_CONFIRMATION,10.0,500,50,50,0,0,0,4.179548296633701,0.20751037861436872,0.057518942386844754,-8.685885305199628e-06,1.0,0.0,0.9798549520575527,2.2783358045853674,563998.0
NoJammer,adapt_filter_fair_frozen,FROZEN_FAIR_REJECTION_CONFIRMATION,20.0,1250,50,50,0,0,0,4.636324568768678,0.19405105775768033,0.05378820898405624,-8.685885308092612e-06,1.0,0.0,0.9788822235498048,2.534428358776495,563998.0
NoJammer,adapt_filter_fair_frozen,FROZEN_FAIR_REJECTION_CONFIRMATION,20.0,2500,50,50,0,0,0,4.180063939039337,0.20953038661320247,0.05807886003762311,-8.685885305199628e-06,1.0,0.0,0.9788064803013864,2.4646374362055212,563998.0
NoJammer,adapt_filter_fair_frozen,FROZEN_FAIR_REJECTION_CONFIRMATION,20.0,3750,50,50,0,0,0,3.1787554348264337,0.21955989629374628,0.06085889828600186,-8.685885305199628e-06,1.0,0.0,0.9790883346555402,2.512049158103764,563998.0
NoJammer,adapt_filter_fair_frozen,FROZEN_FAIR_REJECTION_CONFIRMATION,20.0,4500,50,50,0,0,0,2.4998657865482246,0.2463104434255334,0.06827377165071798,-8.685885304235298e-06,1.0,0.0,0.9802182307268816,2.577150963479653,563998.0
NoJammer,adapt_filter_fair_frozen,FROZEN_FAIR_REJECTION_CONFIRMATION,20.0,500,50,50,0,0,0,4.179548296633701,0.20751037861436872,0.057518942386844754,-8.685885305199628e-06,1.0,0.0,0.9798549520575527,2.5746984174475074,563998.0
NoJammer,adapt_filter_fair_frozen,FROZEN_FAIR_REJECTION_CONFIRMATION,30.0,1250,50,50,0,0,0,4.636324568768678,0.19405105775768033,0.05378820898405624,-8.685885308092612e-06,1.0,0.0,0.9788822235498048,1.7813875433057547,563998.0
NoJammer,adapt_filter_fair_frozen,FROZEN_FAIR_REJECTION_CONFIRMATION,30.0,2500,50,50,0,0,0,4.180063939039337,0.20953038661320247,0.05807886003762311,-8.685885305199628e-06,1.0,0.0,0.9788064803013864,1.7437408422119915,563998.0
NoJammer,adapt_filter_fair_frozen,FROZEN_FAIR_REJECTION_CONFIRMATION,30.0,3750,50,50,0,0,0,3.1787554348264337,0.21955989629374628,0.06085889828600186,-8.685885305199628e-06,1.0,0.0,0.9790883346555402,1.7690191825386137,563998.0
NoJammer,adapt_filter_fair_frozen,FROZEN_FAIR_REJECTION_CONFIRMATION,30.0,4500,50,50,0,0,0,2.4998657865482246,0.2463104434255334,0.06827377165071798,-8.685885304235298e-06,1.0,0.0,0.9802182307268816,1.8292642408050597,563998.0
NoJammer,adapt_filter_fair_frozen,FROZEN_FAIR_REJECTION_CONFIRMATION,30.0,500,50,50,0,0,0,4.179548296633701,0.20751037861436872,0.057518942386844754,-8.685885305199628e-06,1.0,0.0,0.9798549520575527,1.8059458467178047,563998.0
NoiseConvolutionJamming,adapt_filter_fair_frozen,FROZEN_FAIR_REJECTION_CONFIRMATION,0.0,1250,50,50,0,0,0,13.413625150569214,0.5135280584283057,0.14234271559813289,-8.685885308092612e-06,1.0,0.94,0.8947239127871189,2.4817958392668515,563989.72
NoiseConvolutionJamming,adapt_filter_fair_frozen,FROZEN_FAIR_REJECTION_CONFIRMATION,0.0,2500,50,50,0,0,0,13.384306917611896,0.512299815690311,0.14200226408069305,-8.685885305199628e-06,1.0,0.94,0.8947239127871194,2.553448317339644,563990.64
NoiseConvolutionJamming,adapt_filter_fair_frozen,FROZEN_FAIR_REJECTION_CONFIRMATION,0.0,3750,50,50,0,0,0,13.331552878300538,0.5130561831545879,0.1422119184454122,-8.685885305199628e-06,1.0,0.94,0.894723912787121,2.4566042120568454,563989.72
NoiseConvolutionJamming,adapt_filter_fair_frozen,FROZEN_FAIR_REJECTION_CONFIRMATION,0.0,4500,50,50,0,0,0,13.34126595436519,0.5128521305988288,0.1421553579626211,-8.685885304235298e-06,1.0,0.94,0.8947239127871233,2.608880902407691,563990.64
NoiseConvolutionJamming,adapt_filter_fair_frozen,FROZEN_FAIR_REJECTION_CONFIRMATION,0.0,500,50,50,0,0,0,10.542416187640917,0.8690532022158173,0.2408892576994858,-8.685885305199628e-06,1.0,0.0,0.923541398596357,2.5428433204069734,563995.12
NoiseConvolutionJamming,adapt_filter_fair_frozen,FROZEN_FAIR_REJECTION_CONFIRMATION,10.0,1250,50,50,0,0,0,21.630359589333253,5.685622962271686,1.5759742803417638,-8.685885308092612e-06,0.96,2.68,0.6730457411957884,2.48696421389468,563998.0
NoiseConvolutionJamming,adapt_filter_fair_frozen,FROZEN_FAIR_REJECTION_CONFIRMATION,10.0,2500,50,50,0,0,0,21.62906879193167,5.685559147800588,1.5759565918728256,-8.685885305199628e-06,0.96,2.68,0.6730457411957886,2.49879163922742,563998.0
NoiseConvolutionJamming,adapt_filter_fair_frozen,FROZEN_FAIR_REJECTION_CONFIRMATION,10.0,3750,50,50,0,0,0,21.62341724281501,5.685641286619968,1.5759793595919689,-8.685885305199628e-06,0.96,2.68,0.6730457411957893,2.4980366334784776,563998.0
NoiseConvolutionJamming,adapt_filter_fair_frozen,FROZEN_FAIR_REJECTION_CONFIRMATION,10.0,4500,50,50,0,0,0,22.308747112431806,4.079495346473361,1.1307784187376289,-8.685885304235298e-06,0.98,1.76,0.6710360507362738,2.56347416783683,563998.0
NoiseConvolutionJamming,adapt_filter_fair_frozen,FROZEN_FAIR_REJECTION_CONFIRMATION,10.0,500,50,50,0,0,0,18.231538807238863,6.975633631044469,1.9335469946851174,-8.685885305199628e-06,0.96,2.62,0.775894926388672,2.5526707991957664,563998.0
NoiseConvolutionJamming,adapt_filter_fair_frozen,FROZEN_FAIR_REJECTION_CONFIRMATION,20.0,1250,50,50,0,0,0,-12.994472995212048,18.218700959079317,5.049966261089338,-8.685885308092612e-06,0.1,219.14,0.5701224998767302,2.3160799010656774,563998.0
NoiseConvolutionJamming,adapt_filter_fair_frozen,FROZEN_FAIR_REJECTION_CONFIRMATION,20.0,2500,50,50,0,0,0,-12.992892352185585,18.2190110611503,5.050052216998021,-8.685885305199628e-06,0.1,219.14,0.5701224998767302,2.387850704835728,563998.0
NoiseConvolutionJamming,adapt_filter_fair_frozen,FROZEN_FAIR_REJECTION_CONFIRMATION,20.0,3750,50,50,0,0,0,-12.993461299765652,18.218995887568347,5.050048011095685,-8.685885305199628e-06,0.1,219.14,0.5701224998767304,2.3359491594601423,563998.0
NoiseConvolutionJamming,adapt_filter_fair_frozen,FROZEN_FAIR_REJECTION_CONFIRMATION,20.0,4500,50,50,0,0,0,-15.091571313884943,19.720934776923077,5.466364231143169,-8.685885304235298e-06,0.1,248.32,0.5652414277933895,2.4326683371327817,563998.0
NoiseConvolutionJamming,adapt_filter_fair_frozen,FROZEN_FAIR_REJECTION_CONFIRMATION,20.0,500,50,50,0,0,0,2.8775233080476004,19.33838384525202,5.360326522833105,-8.685885305199628e-06,0.4,55.14,0.6074736936221768,2.363633441273123,563998.0
NoiseConvolutionJamming,adapt_filter_fair_frozen,FROZEN_FAIR_REJECTION_CONFIRMATION,30.0,1250,50,50,0,0,0,-17.24533810960935,15.08813659064862,4.182218089896874,-8.685885308092612e-06,0.02,257.58,0.5695974196213632,2.488859238801524,563998.0
NoiseConvolutionJamming,adapt_filter_fair_frozen,FROZEN_FAIR_REJECTION_CONFIRMATION,30.0,2500,50,50,0,0,0,-17.243508289216898,15.08813309690762,4.182217121481276,-8.685885305199628e-06,0.02,257.58,0.5690688107224028,2.5325474969577044,563998.0
NoiseConvolutionJamming,adapt_filter_fair_frozen,FROZEN_FAIR_REJECTION_CONFIRMATION,30.0,3750,50,50,0,0,0,-17.243565213893778,15.088131979857751,4.182216811850849,-8.685885305199628e-06,0.02,257.58,0.5690688107224028,2.4852891184855253,563998.0
NoiseConvolutionJamming,adapt_filter_fair_frozen,FROZEN_FAIR_REJECTION_CONFIRMATION,30.0,4500,50,50,0,0,0,-17.642435614730033,16.44197559589162,4.557483116463807,-8.685885304235298e-06,0.04,276.78,0.5659755276770038,2.5925333821214736,563998.0
NoiseConvolutionJamming,adapt_filter_fair_frozen,FROZEN_FAIR_REJECTION_CONFIRMATION,30.0,500,50,50,0,0,0,-6.457199830801341,15.110064955033238,4.188296322398298,-8.685885305199628e-06,0.1,86.32,0.6033083178428678,2.5527974765282124,563998.0
NoiseProductJamming,adapt_filter_fair_frozen,FROZEN_FAIR_REJECTION_CONFIRMATION,0.0,1250,50,50,0,0,0,12.28067705078113,0.5594017429314212,0.15505825220707764,-8.685885308092612e-06,1.0,0.98,0.8971998030937044,2.5497733370866627,563958.68
NoiseProductJamming,adapt_filter_fair_frozen,FROZEN_FAIR_REJECTION_CONFIRMATION,0.0,2500,50,50,0,0,0,12.240122126183508,0.5590783416497287,0.1549686099452606,-8.685885305199628e-06,1.0,0.98,0.897199803093705,2.5069250585511327,563936.44
NoiseProductJamming,adapt_filter_fair_frozen,FROZEN_FAIR_REJECTION_CONFIRMATION,0.0,3750,50,50,0,0,0,12.171244498979087,0.5591114966433024,0.15497780004060877,-8.685885305199628e-06,1.0,0.98,0.8971998030937064,2.573735020123422,563930.92
NoiseProductJamming,adapt_filter_fair_frozen,FROZEN_FAIR_REJECTION_CONFIRMATION,0.0,4500,50,50,0,0,0,12.170805266406692,0.5591319717879222,0.1549834754611425,-8.685885304235298e-06,1.0,0.98,0.898466291799195,2.5702166999690235,563929.08
NoiseProductJamming,adapt_filter_fair_frozen,FROZEN_FAIR_REJECTION_CONFIRMATION,0.0,500,50,50,0,0,0,12.095626332674108,0.5827755008197493,0.1615371273473002,-8.685885305199628e-06,1.0,0.0,0.919018997516584,2.6025317679159343,564107.12
NoiseProductJamming,adapt_filter_fair_frozen,FROZEN_FAIR_REJECTION_CONFIRMATION,10.0,1250,50,50,0,0,0,19.53126164340018,7.667282891826242,2.125262388625688,-8.685885308092612e-06,0.94,5.3,0.6856695667448467,2.4685948062688112,563984.2
NoiseProductJamming,adapt_filter_fair_frozen,FROZEN_FAIR_REJECTION_CONFIRMATION,10.0,2500,50,50,0,0,0,19.526761471287895,7.667192143305285,2.125237234419023,-8.685885305199628e-06,0.94,5.3,0.6856695667448471,2.5068791955709457,563997.08
NoiseProductJamming,adapt_filter_fair_frozen,FROZEN_FAIR_REJECTION_CONFIRMATION,10.0,3750,50,50,0,0,0,19.51919999783612,7.667420504351538,2.125300532871614,-8.685885305199628e-06,0.94,5.3,0.6856695667448477,2.5085899815894663,563980.52
NoiseProductJamming,adapt_filter_fair_frozen,FROZEN_FAIR_REJECTION_CONFIRMATION,10.0,4500,50,50,0,0,0,20.260399154411324,6.440079254448189,1.7850988951820546,-8.685885304235298e-06,0.96,4.1,0.6769868315253538,2.5705533858854324,563992.48
NoiseProductJamming,adapt_filter_fair_frozen,FROZEN_FAIR_REJECTION_CONFIRMATION,10.0,500,50,50,0,0,0,18.14825851825276,10.704427473487401,2.967115916047229,-8.685885305199628e-06,0.92,9.02,0.762690152741822,2.5877374154515564,563999.84
NoiseProductJamming,adapt_filter_fair_frozen,FROZEN_FAIR_REJECTION_CONFIRMATION,20.0,1250,50,50,0,0,0,-12.388415864119775,18.605917304375833,5.157297156079149,-8.685885308092612e-06,0.16,201.22,0.5763307771124458,2.539151740493253,563975.92
NoiseProductJamming,adapt_filter_fair_frozen,FROZEN_FAIR_REJECTION_CONFIRMATION,20.0,2500,50,50,0,0,0,-12.388988930261142,18.606016547272894,5.157324664806745,-8.685885305199628e-06,0.16,201.22,0.5763307771124458,2.4761017609853297,564003.52
NoiseProductJamming,adapt_filter_fair_frozen,FROZEN_FAIR_REJECTION_CONFIRMATION,20.0,3750,50,50,0,0,0,-12.389752245041379,18.606000550269354,5.157320230663589,-8.685885305199628e-06,0.16,201.22,0.5763307771124461,2.5052250165026635,563978.68
NoiseProductJamming,adapt_filter_fair_frozen,FROZEN_FAIR_REJECTION_CONFIRMATION,20.0,4500,50,50,0,0,0,-13.47253288684784,18.878401197694167,5.232825837901116,-8.685885304235298e-06,0.16,218.04,0.571543301330714,2.577652521431446,563997.08
NoiseProductJamming,adapt_filter_fair_frozen,FROZEN_FAIR_REJECTION_CONFIRMATION,20.0,500,50,50,0,0,0,6.413046572391186,18.90774439064453,5.240959356022128,-8.685885305199628e-06,0.42,58.06,0.5780697193890756,2.5623065617401153,564002.6
NoiseProductJamming,adapt_filter_fair_frozen,FROZEN_FAIR_REJECTION_CONFIRMATION,30.0,1250,50,50,0,0,0,-15.426595303646927,13.566753367647035,3.76051217553987,-8.685885308092612e-06,0.06,222.82,0.5756586274721834,2.3448267788626254,563983.28
NoiseProductJamming,adapt_filter_fair_frozen,FROZEN_FAIR_REJECTION_CONFIRMATION,30.0,2500,50,50,0,0,0,-15.426771345958684,13.566865725571947,3.760543319567715,-8.685885305199628e-06,0.06,222.82,0.5756586274721834,2.3236124799586833,563994.32
NoiseProductJamming,adapt_filter_fair_frozen,FROZEN_FAIR_REJECTION_CONFIRMATION,30.0,3750,50,50,0,0,0,-15.426847740278243,13.56686340398191,3.7605426760557883,-8.685885305199628e-06,0.06,222.82,0.5756586274721834,2.353076699655503,563985.12
NoiseProductJamming,adapt_filter_fair_frozen,FROZEN_FAIR_REJECTION_CONFIRMATION,30.0,4500,50,50,0,0,0,-17.61254814181163,12.05077591378104,3.340304663940082,-8.685885304235298e-06,0.04,245.2,0.5773659047383597,2.453652562107891,563997.08
NoiseProductJamming,adapt_filter_fair_frozen,FROZEN_FAIR_REJECTION_CONFIRMATION,30.0,500,50,50,0,0,0,2.4988058991719355,17.616446850403403,4.883029939106396,-8.685885305199628e-06,0.26,74.34,0.5550344831945072,2.382194164674729,563999.84
SMSP,adapt_filter_fair_frozen,FROZEN_FAIR_REJECTION_CONFIRMATION,0.0,1250,50,50,0,0,0,13.737903345072517,0.08462932841274053,0.023458053027101574,-8.685885308092612e-06,1.0,1.04,0.903856866084947,1.4706566208042204,563906.0
SMSP,adapt_filter_fair_frozen,FROZEN_FAIR_REJECTION_CONFIRMATION,0.0,2500,50,50,0,0,0,13.709117382792638,0.08486646815512709,0.02352378481011428,-8.685885305199628e-06,1.0,1.04,0.9038568660849475,1.4707565994467586,563906.0
SMSP,adapt_filter_fair_frozen,FROZEN_FAIR_REJECTION_CONFIRMATION,0.0,3750,50,50,0,0,0,13.65465684872094,0.08504791516372634,0.023574079354915244,-8.685885305199628e-06,1.0,1.04,0.9038568660849492,1.4606050017755479,563906.0
SMSP,adapt_filter_fair_frozen,FROZEN_FAIR_REJECTION_CONFIRMATION,0.0,4500,50,50,0,0,0,13.662401853744045,0.0850467254818372,0.02357374959191979,-8.685885304235298e-06,1.0,1.04,0.9038568660849517,1.5089366165921092,563906.0
SMSP,adapt_filter_fair_frozen,FROZEN_FAIR_REJECTION_CONFIRMATION,0.0,500,50,50,0,0,0,10.10970744534119,0.12491966403189465,0.0346259642838752,-8.685885305199628e-06,1.0,0.0,0.9271202712808679,1.4785692351870239,563911.12
SMSP,adapt_filter_fair_frozen,FROZEN_FAIR_REJECTION_CONFIRMATION,10.0,1250,50,50,0,0,0,23.91564504115765,0.08288825495043421,0.022975452085219207,-8.685885308092612e-06,1.0,2.1,0.6796927709434154,1.46897082333453,563906.0
SMSP,adapt_filter_fair_frozen,FROZEN_FAIR_REJECTION_CONFIRMATION,10.0,2500,50,50,0,0,0,23.912993458826264,0.08294638337529477,0.02299156446255145,-8.685885305199628e-06,1.0,2.1,0.6796927709434156,1.4632625214289874,563906.0
SMSP,adapt_filter_fair_frozen,FROZEN_FAIR_REJECTION_CONFIRMATION,10.0,3750,50,50,0,0,0,23.907092901082645,0.08286971556436422,0.02297031322958043,-8.685885305199628e-06,1.0,2.1,0.6796927709434162,1.4756824786309153,563906.0
SMSP,adapt_filter_fair_frozen,FROZEN_FAIR_REJECTION_CONFIRMATION,10.0,4500,50,50,0,0,0,23.945684496231728,0.08288572134658777,0.022974749806062626,-8.685885304235298e-06,1.0,2.1,0.6796927709434176,1.5066841233056039,563906.0
SMSP,adapt_filter_fair_frozen,FROZEN_FAIR_REJECTION_CONFIRMATION,10.0,500,50,50,0,0,0,19.853969710535356,0.0901364602899122,0.02498455210283436,-8.685885305199628e-06,1.0,0.0,0.7553691082404994,1.4941691420972347,563906.0
SMSP,adapt_filter_fair_frozen,FROZEN_FAIR_REJECTION_CONFIRMATION,20.0,1250,50,50,0,0,0,-36.34789424911728,0.07454847509135942,0.020663783047572937,-8.685885308092612e-06,0.0,519.0,0.6199447869317597,1.456777456915006,563906.0
SMSP,adapt_filter_fair_frozen,FROZEN_FAIR_REJECTION_CONFIRMATION,20.0,2500,50,50,0,0,0,-36.34850080118678,0.07454619014742186,0.02066314969342661,-8.685885305199628e-06,0.0,519.0,0.6199447869317598,1.448834961047396,563906.0
SMSP,adapt_filter_fair_frozen,FROZEN_FAIR_REJECTION_CONFIRMATION,20.0,3750,50,50,0,0,0,-36.349096653609756,0.07452815930654805,0.020658151799324478,-8.685885305199628e-06,0.0,519.0,0.61994478693176,1.4399684418458492,563906.0
SMSP,adapt_filter_fair_frozen,FROZEN_FAIR_REJECTION_CONFIRMATION,20.0,4500,50,50,0,0,0,-36.349469467746346,0.07451995811992822,0.020655878546372793,-8.685885304235298e-06,0.0,519.0,0.6199447869317605,1.4866250404156744,563906.0
SMSP,adapt_filter_fair_frozen,FROZEN_FAIR_REJECTION_CONFIRMATION,20.0,500,50,50,0,0,0,-13.544136418974038,0.6114738834725569,0.16949191317259177,-8.685885305199628e-06,0.0,95.42,0.6698580658458303,1.476066600298509,563906.0
SMSP,adapt_filter_fair_frozen,FROZEN_FAIR_REJECTION_CONFIRMATION,30.0,1250,50,50,0,0,0,-35.673160676152804,0.02220198102234582,0.0061540751639769,-8.685885308092612e-06,0.0,519.0,0.6194838331376294,1.4176241436507553,563906.0
SMSP,adapt_filter_fair_frozen,FROZEN_FAIR_REJECTION_CONFIRMATION,30.0,2500,50,50,0,0,0,-35.673474357464976,0.022205522837339065,0.006155056905005478,-8.685885305199628e-06,0.0,519.0,0.6194838331376296,1.4253116806503385,563906.0
SMSP,adapt_filter_fair_frozen,FROZEN_FAIR_REJECTION_CONFIRMATION,30.0,3750,50,50,0,0,0,-35.67353402767322,0.022206056613793164,0.006155204860290008,-8.685885305199628e-06,0.0,519.0,0.6194838331376296,1.4347500575240701,563906.0
SMSP,adapt_filter_fair_frozen,FROZEN_FAIR_REJECTION_CONFIRMATION,30.0,4500,50,50,0,0,0,-35.673757401796166,0.022490088014321823,0.006233934347808428,-8.685885304235298e-06,0.0,519.0,0.6194838331376298,1.477169181453064,563906.0
SMSP,adapt_filter_fair_frozen,FROZEN_FAIR_REJECTION_CONFIRMATION,30.0,500,50,50,0,0,0,-13.208903608002815,0.022496117096398403,0.006235605524098135,-8.685885305199628e-06,0.0,96.02,0.6704732547910077,1.4459241821896285,563906.0
