jammer,role,jsr_db,trials,interface_pass,interface_failures,oracle_input_failures,target_erased_count,delta_sinr_mean_db,delta_sinr_std_db,delta_sinr_ci95_db,pd_mean,target_only_change_mean_db,fallback_ratio,estimation_error_mean,confidence_mean,position_spread_db
AMNoiseGaiJam,FROZEN_REJECTION_CONFIRMATION,0.0,250,250,0,0,0,8.808240117390106,0.4069089727613352,0.050440958847981165,1.0,-8.685885305006764e-06,0.0,0.0,0.9462864049930593,0.5960992253427335
AMNoiseGaiJam,FROZEN_REJECTION_CONFIRMATION,10.0,250,250,0,0,0,16.684234519997496,3.4923443047255844,0.4329154851568395,1.0,-8.685885305006764e-06,0.04,0.16666666666666666,0.8128170874465033,0.36569920813390766
AMNoiseGaiJam,FROZEN_REJECTION_CONFIRMATION,20.0,250,250,0,0,0,3.1933413622727214,8.070199805478616,1.000392332272041,0.748,-8.685885305006764e-06,0.864,0.9117647058823529,0.11058482883259128,12.373952431601138
AMNoiseGaiJam,FROZEN_REJECTION_CONFIRMATION,30.0,250,250,0,0,0,0.0,0.0,0.0,0.6,-8.685885305006764e-06,1.0,nan,0.0,0.0
AMNoiseGaiJam,IDENTITY_BASELINE,0.0,250,250,0,0,0,0.0,0.0,0.0,1.0,0.0,1.0,nan,1.0,0.0
AMNoiseGaiJam,IDENTITY_BASELINE,10.0,250,250,0,0,0,0.0,0.0,0.0,1.0,0.0,1.0,nan,1.0,0.0
AMNoiseGaiJam,IDENTITY_BASELINE,20.0,250,250,0,0,0,0.0,0.0,0.0,0.648,0.0,1.0,nan,1.0,0.0
AMNoiseGaiJam,IDENTITY_BASELINE,30.0,250,250,0,0,0,0.0,0.0,0.0,0.6,0.0,1.0,nan,1.0,0.0
AMNoiseGaiJam,ORACLE_UPPER_BOUND,0.0,250,250,0,0,0,8.808240117390106,0.40690897276133514,0.05044095884798116,1.0,-8.68584620976545e-05,0.0,0.0,1.0,0.5960992253427335
AMNoiseGaiJam,ORACLE_UPPER_BOUND,10.0,250,250,0,0,0,17.419583619281525,0.7693900598233478,0.09537457992689144,1.0,-8.68584620976545e-05,0.0,0.0,1.0,1.2533056031910625
AMNoiseGaiJam,ORACLE_UPPER_BOUND,20.0,250,250,0,0,0,26.453653982684543,1.83098851720066,0.22697168809156415,1.0,-8.68584620976545e-05,0.0,0.0,1.0,3.3706267808581565
AMNoiseGaiJam,ORACLE_UPPER_BOUND,30.0,250,250,0,0,0,34.44309939900336,4.247377860004214,0.5265104143426161,1.0,-8.68584620976545e-05,0.0,0.0,1.0,8.553783110105957
FMNoiseAimedJam,FROZEN_REJECTION_CONFIRMATION,0.0,250,250,0,0,0,10.519333936494135,0.4124064902086091,0.05112243817108925,1.0,-8.685885305006764e-06,0.0,0.02,0.9253195783385927,0.30080993171875825
FMNoiseAimedJam,FROZEN_REJECTION_CONFIRMATION,10.0,250,250,0,0,0,7.298317451701842,9.447823297830624,1.1711643096363664,0.976,-8.685885305006764e-06,0.624,0.6063829787234043,0.3185329598664525,18.943500884895403
FMNoiseAimedJam,FROZEN_REJECTION_CONFIRMATION,20.0,250,250,0,0,0,-3.651775945784504,34.63798301662176,4.293768859560785,0.608,-8.685885305006764e-06,0.98,1412.4,0.016180087467655205,6.811770251842283
FMNoiseAimedJam,FROZEN_REJECTION_CONFIRMATION,30.0,250,250,0,0,0,-3.7663366864286307,33.51412982080791,4.154454574067091,0.6,-8.685885305006764e-06,0.98,1516.0,0.01609954586947948,6.486419751468362
FMNoiseAimedJam,IDENTITY_BASELINE,0.0,250,250,0,0,0,0.0,0.0,0.0,1.0,0.0,1.0,nan,1.0,0.0
FMNoiseAimedJam,IDENTITY_BASELINE,10.0,250,250,0,0,0,0.0,0.0,0.0,0.856,0.0,1.0,nan,1.0,0.0
FMNoiseAimedJam,IDENTITY_BASELINE,20.0,250,250,0,0,0,0.0,0.0,0.0,0.604,0.0,1.0,nan,1.0,0.0
FMNoiseAimedJam,IDENTITY_BASELINE,30.0,250,250,0,0,0,0.0,0.0,0.0,0.6,0.0,1.0,nan,1.0,0.0
FMNoiseAimedJam,ORACLE_UPPER_BOUND,0.0,250,250,0,0,0,10.519278836745798,0.4124840683874412,0.05113205486176928,1.0,-8.68584620976545e-05,0.0,0.0,1.0,0.30108543046044645
FMNoiseAimedJam,ORACLE_UPPER_BOUND,10.0,250,250,0,0,0,19.732566428517508,0.8692871512639787,0.10775795167756883,1.0,-8.68584620976545e-05,0.0,0.0,1.0,0.4707990009492953
FMNoiseAimedJam,ORACLE_UPPER_BOUND,20.0,250,250,0,0,0,29.019556830794084,1.914360239926978,0.2373065539132379,1.0,-8.68584620976545e-05,0.0,0.0,1.0,2.2760144655922794
FMNoiseAimedJam,ORACLE_UPPER_BOUND,30.0,250,250,0,0,0,36.3419084056133,4.756137275224251,0.5895768848421217,1.0,-8.68584620976545e-05,0.0,0.0,1.0,9.92323756682011
FMNoiseSaopin,FROZEN_REJECTION_CONFIRMATION,0.0,250,250,0,0,0,8.048780336656291,2.9457442407051655,0.3651582392341031,1.0,-8.685885305006764e-06,0.0,0.004,0.9512208486653921,0.11390622735499711
FMNoiseSaopin,FROZEN_REJECTION_CONFIRMATION,10.0,250,250,0,0,0,13.580738010330355,7.194216251579326,0.8918042859237524,1.0,-8.685885305006764e-06,0.088,0.12280701754385964,0.7989694888015862,3.2028753886328793
FMNoiseSaopin,FROZEN_REJECTION_CONFIRMATION,20.0,250,250,0,0,0,2.295799815537487,4.336508358153844,0.5375591453616355,0.948,-8.685885305006764e-06,0.78,0.0,0.2066555715561571,0.04747767349322851
FMNoiseSaopin,FROZEN_REJECTION_CONFIRMATION,30.0,250,250,0,0,0,4.333313792198943,8.179088401659515,1.0138903024979191,0.896,-8.685885305006764e-06,0.78,0.2,0.18599071557625174,0.020476481524133838
FMNoiseSaopin,IDENTITY_BASELINE,0.0,250,250,0,0,0,0.0,0.0,0.0,1.0,0.0,1.0,nan,1.0,0.0
FMNoiseSaopin,IDENTITY_BASELINE,10.0,250,250,0,0,0,0.0,0.0,0.0,0.968,0.0,1.0,nan,1.0,0.0
FMNoiseSaopin,IDENTITY_BASELINE,20.0,250,250,0,0,0,0.0,0.0,0.0,0.948,0.0,1.0,nan,1.0,0.0
FMNoiseSaopin,IDENTITY_BASELINE,30.0,250,250,0,0,0,0.0,0.0,0.0,0.896,0.0,1.0,nan,1.0,0.0
FMNoiseSaopin,ORACLE_UPPER_BOUND,0.0,250,250,0,0,0,8.048769316706622,2.945736060583645,0.3651572252157339,1.0,-8.68584620976545e-05,0.0,0.0,1.0,0.1139613271033344
FMNoiseSaopin,ORACLE_UPPER_BOUND,10.0,250,250,0,0,0,15.351633708199985,6.008055658233305,0.7447662954119127,1.0,-8.68584620976545e-05,0.0,0.0,1.0,0.018425067040720222
FMNoiseSaopin,ORACLE_UPPER_BOUND,20.0,250,250,0,0,0,24.202305920449515,7.540547844971696,0.9347359950269246,1.0,-8.68584620976545e-05,0.0,0.0,1.0,0.6976222226519582
FMNoiseSaopin,ORACLE_UPPER_BOUND,30.0,250,250,0,0,0,33.481322318768214,7.7126371076587406,0.956068401040168,1.0,-8.68584620976545e-05,0.0,0.0,1.0,3.4006036914687066
FMZuse,FROZEN_REJECTION_CONFIRMATION,0.0,250,250,0,0,0,6.016700417400294,0.24598586965094837,0.030492724316319973,1.0,-8.685885305006764e-06,0.0,0.0,0.9665233604982859,0.12290745430416017
FMZuse,FROZEN_REJECTION_CONFIRMATION,10.0,250,250,0,0,0,13.462915126191582,0.4468073711823188,0.055386815556905576,1.0,-8.685885305006764e-06,0.0,0.064,0.8883957360949025,0.08931878845607955
FMZuse,FROZEN_REJECTION_CONFIRMATION,20.0,250,250,0,0,0,2.6151758937065366,7.103916130822686,0.8806105669842464,0.812,-8.685885305006764e-06,0.88,0.8666666666666667,0.09881734762102722,9.65990625626877
FMZuse,FROZEN_REJECTION_CONFIRMATION,30.0,250,250,0,0,0,-7.741669689628835,48.41371302735788,6.001426043566893,0.608,-8.685885305006764e-06,0.964,1705.3333333333333,0.029066040610576497,13.118016593046429
FMZuse,IDENTITY_BASELINE,0.0,250,250,0,0,0,0.0,0.0,0.0,1.0,0.0,1.0,nan,1.0,0.0
FMZuse,IDENTITY_BASELINE,10.0,250,250,0,0,0,0.0,0.0,0.0,1.0,0.0,1.0,nan,1.0,0.0
FMZuse,IDENTITY_BASELINE,20.0,250,250,0,0,0,0.0,0.0,0.0,0.744,0.0,1.0,nan,1.0,0.0
FMZuse,IDENTITY_BASELINE,30.0,250,250,0,0,0,0.0,0.0,0.0,0.604,0.0,1.0,nan,1.0,0.0
FMZuse,ORACLE_UPPER_BOUND,0.0,250,250,0,0,0,6.016700417400294,0.24598586965094849,0.030492724316319986,1.0,-8.68584620976545e-05,0.0,0.0,1.0,0.12290745430416017
FMZuse,ORACLE_UPPER_BOUND,10.0,250,250,0,0,0,13.462738806996903,0.44681983859512564,0.05538836103340875,1.0,-8.68584620976545e-05,0.0,0.0,1.0,0.08997998543612695
FMZuse,ORACLE_UPPER_BOUND,20.0,250,250,0,0,0,23.101017051357108,1.0548083086767555,0.13075539261130903,1.0,-8.68584620976545e-05,0.0,0.0,1.0,0.07195382619005741
FMZuse,ORACLE_UPPER_BOUND,30.0,250,250,0,0,0,31.88955627041454,2.174727210131206,0.26958197792348215,1.0,-8.68584620976545e-05,0.0,0.0,1.0,3.586392296296406
NoJammer,FROZEN_REJECTION_CONFIRMATION,0.0,250,250,0,0,0,4.713040249563102,0.20082094641761236,0.02489402242797124,1.0,-8.685885305006764e-06,0.0,0.0,0.9783361017839017,0.05894297721591979
NoJammer,FROZEN_REJECTION_CONFIRMATION,10.0,250,250,0,0,0,4.713040249563102,0.20082094641761236,0.02489402242797124,1.0,-8.685885305006764e-06,0.0,0.0,0.9783361017839017,0.05894297721591979
NoJammer,FROZEN_REJECTION_CONFIRMATION,20.0,250,250,0,0,0,4.713040249563102,0.20082094641761236,0.02489402242797124,1.0,-8.685885305006764e-06,0.0,0.0,0.9783361017839017,0.05894297721591979
NoJammer,FROZEN_REJECTION_CONFIRMATION,30.0,250,250,0,0,0,4.713040249563102,0.20082094641761236,0.02489402242797124,1.0,-8.685885305006764e-06,0.0,0.0,0.9783361017839017,0.05894297721591979
NoJammer,IDENTITY_BASELINE,0.0,250,250,0,0,0,0.0,0.0,0.0,1.0,0.0,1.0,nan,1.0,0.0
NoJammer,IDENTITY_BASELINE,10.0,250,250,0,0,0,0.0,0.0,0.0,1.0,0.0,1.0,nan,1.0,0.0
NoJammer,IDENTITY_BASELINE,20.0,250,250,0,0,0,0.0,0.0,0.0,1.0,0.0,1.0,nan,1.0,0.0
NoJammer,IDENTITY_BASELINE,30.0,250,250,0,0,0,0.0,0.0,0.0,1.0,0.0,1.0,nan,1.0,0.0
NoJammer,ORACLE_UPPER_BOUND,0.0,250,250,0,0,0,4.713040249563102,0.2008209464176124,0.024894022427971244,1.0,-8.68584620976545e-05,0.0,0.0,1.0,0.05894297721591979
NoJammer,ORACLE_UPPER_BOUND,10.0,250,250,0,0,0,4.713040249563102,0.2008209464176124,0.024894022427971244,1.0,-8.68584620976545e-05,0.0,0.0,1.0,0.05894297721591979
NoJammer,ORACLE_UPPER_BOUND,20.0,250,250,0,0,0,4.713040249563102,0.2008209464176124,0.024894022427971244,1.0,-8.68584620976545e-05,0.0,0.0,1.0,0.05894297721591979
NoJammer,ORACLE_UPPER_BOUND,30.0,250,250,0,0,0,4.713040249563102,0.2008209464176124,0.024894022427971244,1.0,-8.68584620976545e-05,0.0,0.0,1.0,0.05894297721591979
NoiseConvolutionJamming,FROZEN_REJECTION_CONFIRMATION,0.0,250,250,0,0,0,13.28253023431429,0.6644344551510157,0.08236414837947208,1.0,-8.685885305006764e-06,0.0,0.14,0.9203646305002666,0.028672162643276877
NoiseConvolutionJamming,FROZEN_REJECTION_CONFIRMATION,10.0,250,250,0,0,0,8.213972225086918,10.282140205113702,1.274587304958527,0.54,-8.685885305006764e-06,0.608,0.8061224489795918,0.3242154572643095,0.8685556256946496
NoiseConvolutionJamming,FROZEN_REJECTION_CONFIRMATION,20.0,250,250,0,0,0,0.0,0.0,0.0,0.0,-8.685885305006764e-06,1.0,nan,0.0,0.0
NoiseConvolutionJamming,FROZEN_REJECTION_CONFIRMATION,30.0,250,250,0,0,0,0.0,0.0,0.0,0.0,-8.685885305006764e-06,1.0,nan,0.0,0.0
NoiseConvolutionJamming,IDENTITY_BASELINE,0.0,250,250,0,0,0,0.0,0.0,0.0,1.0,0.0,1.0,nan,1.0,0.0
NoiseConvolutionJamming,IDENTITY_BASELINE,10.0,250,250,0,0,0,0.0,0.0,0.0,0.308,0.0,1.0,nan,1.0,0.0
NoiseConvolutionJamming,IDENTITY_BASELINE,20.0,250,250,0,0,0,0.0,0.0,0.0,0.0,0.0,1.0,nan,1.0,0.0
NoiseConvolutionJamming,IDENTITY_BASELINE,30.0,250,250,0,0,0,0.0,0.0,0.0,0.0,0.0,1.0,nan,1.0,0.0
NoiseConvolutionJamming,ORACLE_UPPER_BOUND,0.0,250,250,0,0,0,13.282144390755725,0.6642689644539296,0.08234363394012512,1.0,-8.68584620976545e-05,0.0,0.0,1.0,0.028782362139954998
NoiseConvolutionJamming,ORACLE_UPPER_BOUND,10.0,250,250,0,0,0,22.40655222783427,1.8122733453401103,0.2246517313522357,1.0,-8.68584620976545e-05,0.0,0.0,1.0,0.02985317000618437
NoiseConvolutionJamming,ORACLE_UPPER_BOUND,20.0,250,250,0,0,0,28.959594932181083,2.7505069078340285,0.34095636871226837,1.0,-8.68584620976545e-05,0.0,0.0,1.0,0.032620523164592186
NoiseConvolutionJamming,ORACLE_UPPER_BOUND,30.0,250,250,0,0,0,30.90476875302802,3.2285542388369186,0.40021572980934383,1.0,-8.68584620976545e-05,0.0,0.0,1.0,0.017311966000061574
NoiseProductJamming,FROZEN_REJECTION_CONFIRMATION,0.0,250,250,0,0,0,12.195979928784936,0.725426285543341,0.0899247740054073,1.0,-8.685885305006764e-06,0.0,0.192,0.9378594345518673,0.04450040090169516
NoiseProductJamming,FROZEN_REJECTION_CONFIRMATION,10.0,250,250,0,0,0,15.25667219817148,9.26357722289783,1.1483249295644062,0.736,-8.685885305006764e-06,0.264,1.108695652173913,0.615662842094866,0.4759202636556559
NoiseProductJamming,FROZEN_REJECTION_CONFIRMATION,20.0,250,250,0,0,0,0.0,0.0,0.0,0.0,-8.685885305006764e-06,1.0,nan,0.0,0.0
NoiseProductJamming,FROZEN_REJECTION_CONFIRMATION,30.0,250,250,0,0,0,0.0,0.0,0.0,0.0,-8.685885305006764e-06,1.0,nan,0.0,0.0
NoiseProductJamming,IDENTITY_BASELINE,0.0,250,250,0,0,0,0.0,0.0,0.0,1.0,0.0,1.0,nan,1.0,0.0
NoiseProductJamming,IDENTITY_BASELINE,10.0,250,250,0,0,0,0.0,0.0,0.0,0.232,0.0,1.0,nan,1.0,0.0
NoiseProductJamming,IDENTITY_BASELINE,20.0,250,250,0,0,0,0.0,0.0,0.0,0.0,0.0,1.0,nan,1.0,0.0
NoiseProductJamming,IDENTITY_BASELINE,30.0,250,250,0,0,0,0.0,0.0,0.0,0.0,0.0,1.0,nan,1.0,0.0
NoiseProductJamming,ORACLE_UPPER_BOUND,0.0,250,250,0,0,0,12.195450716890546,0.7254758918588142,0.08993092326798169,1.0,-8.68584620976545e-05,0.0,0.0,1.0,0.04439147295678403
NoiseProductJamming,ORACLE_UPPER_BOUND,10.0,250,250,0,0,0,21.512372177565922,2.019526974441445,0.25034315738703783,1.0,-8.68584620976545e-05,0.0,0.0,1.0,0.02515169192504274
NoiseProductJamming,ORACLE_UPPER_BOUND,20.0,250,250,0,0,0,28.199719541306717,3.029528499409637,0.3755442435454399,1.0,-8.68584620976545e-05,0.0,0.0,1.0,0.013351809372728951
NoiseProductJamming,ORACLE_UPPER_BOUND,30.0,250,250,0,0,0,29.953100710374052,3.1749729277974197,0.3935737216795564,1.0,-8.68584620976545e-05,0.0,0.0,1.0,0.004965178839768214
SMSP,FROZEN_REJECTION_CONFIRMATION,0.0,250,250,0,0,0,13.385478718808615,0.11480065637731732,0.01423083680055856,1.0,-8.685885305006764e-06,0.0,0.004,0.8992054467060455,0.22076025911289143
SMSP,FROZEN_REJECTION_CONFIRMATION,10.0,250,250,0,0,0,0.0,0.0,0.0,0.8,-8.685885305006764e-06,1.0,nan,0.0,0.0
SMSP,FROZEN_REJECTION_CONFIRMATION,20.0,250,250,0,0,0,0.0,0.0,0.0,0.6,-8.685885305006764e-06,1.0,nan,0.0,0.0
SMSP,FROZEN_REJECTION_CONFIRMATION,30.0,250,250,0,0,0,0.0,0.0,0.0,0.6,-8.685885305006764e-06,1.0,nan,0.0,0.0
SMSP,IDENTITY_BASELINE,0.0,250,250,0,0,0,0.0,0.0,0.0,1.0,0.0,1.0,nan,1.0,0.0
SMSP,IDENTITY_BASELINE,10.0,250,250,0,0,0,0.0,0.0,0.0,0.8,0.0,1.0,nan,1.0,0.0
SMSP,IDENTITY_BASELINE,20.0,250,250,0,0,0,0.0,0.0,0.0,0.6,0.0,1.0,nan,1.0,0.0
SMSP,IDENTITY_BASELINE,30.0,250,250,0,0,0,0.0,0.0,0.0,0.6,0.0,1.0,nan,1.0,0.0
SMSP,ORACLE_UPPER_BOUND,0.0,250,250,0,0,0,13.38546769885895,0.11480910954944318,0.014231884666631509,1.0,-8.68584620976545e-05,0.0,0.0,1.0,0.22076025911289143
SMSP,ORACLE_UPPER_BOUND,10.0,250,250,0,0,0,23.18103441234904,0.5300767716197279,0.06570899737623585,1.0,-8.68584620976545e-05,0.0,0.0,1.0,1.4217824685770992
SMSP,ORACLE_UPPER_BOUND,20.0,250,250,0,0,0,31.49164612214756,1.9469214537080433,0.24134288379120883,1.0,-8.68584620976545e-05,0.0,0.0,1.0,4.914779706859083
SMSP,ORACLE_UPPER_BOUND,30.0,250,250,0,0,0,38.12843082021914,6.164036657632223,0.7641019004204622,1.0,-8.68584620976545e-05,0.0,0.0,1.0,14.915965195188743
