jammer,role,jsr_db,target_position,trials,interface_pass,interface_failures,oracle_input_failures,target_erased_count,delta_sinr_mean_db,delta_sinr_std_db,delta_sinr_ci95_db,pd_mean,target_only_change_mean_db,fallback_ratio,estimation_error_mean,confidence_mean,position_spread_db
AMNoiseGaiJam,FROZEN_REJECTION_CONFIRMATION,0.0,1000,50,50,0,0,0,8.555564710750591,0.34982096084782693,0.09696542325774332,1.0,-8.68588530327097e-06,0.0,0.0,0.9546211453601743,0.0
AMNoiseGaiJam,FROZEN_REJECTION_CONFIRMATION,0.0,1500,50,50,0,0,0,8.428940127365445,0.3446051108457797,0.09551966339855233,1.0,-8.685885305199628e-06,0.0,0.0,0.9616949567936305,0.0
AMNoiseGaiJam,FROZEN_REJECTION_CONFIRMATION,0.0,2500,50,50,0,0,0,9.022458547257619,0.2866521041537793,0.0794559095019037,1.0,-8.685885305199628e-06,0.0,0.0,0.9383648250460292,0.0
AMNoiseGaiJam,FROZEN_REJECTION_CONFIRMATION,0.0,3500,50,50,0,0,0,9.009197848868688,0.28847423495786995,0.07996097839263401,1.0,-8.685885305199628e-06,0.0,0.0,0.93844253317543,0.0
AMNoiseGaiJam,FROZEN_REJECTION_CONFIRMATION,0.0,4000,50,50,0,0,0,9.025039352708179,0.2948371198301258,0.0817246800967379,1.0,-8.685885306163955e-06,0.0,0.0,0.9383085645900325,0.0
AMNoiseGaiJam,FROZEN_REJECTION_CONFIRMATION,10.0,1000,50,50,0,0,0,16.669806455882743,0.6800727034955073,0.18850653597388425,1.0,-8.68588530327097e-06,0.0,0.04,0.8799095124129549,0.0
AMNoiseGaiJam,FROZEN_REJECTION_CONFIRMATION,10.0,1500,50,50,0,0,0,16.673894936360192,0.5146537861128458,0.14265475139249992,1.0,-8.685885305199628e-06,0.0,0.76,0.902771918008992,0.0
AMNoiseGaiJam,FROZEN_REJECTION_CONFIRMATION,10.0,2500,50,50,0,0,0,16.81703962583905,4.30420586056512,1.1930649954383625,1.0,-8.685885305199628e-06,0.06,0.0,0.7657321115149861,0.0
AMNoiseGaiJam,FROZEN_REJECTION_CONFIRMATION,10.0,3500,50,50,0,0,0,16.80909116420034,4.302649870555271,1.1926336970120928,1.0,-8.685885305199628e-06,0.06,0.0,0.765916965568922,0.0
AMNoiseGaiJam,FROZEN_REJECTION_CONFIRMATION,10.0,4000,50,50,0,0,0,16.451340417705143,4.911420349234722,1.3613762646069774,1.0,-8.685885306163955e-06,0.08,0.0,0.7497549297266611,0.0
AMNoiseGaiJam,FROZEN_REJECTION_CONFIRMATION,20.0,1000,50,50,0,0,0,3.5927543797624697,8.317315070376086,2.305442115910975,0.22,-8.68588530327097e-06,0.84,0.5,0.12931484822863187,0.0
AMNoiseGaiJam,FROZEN_REJECTION_CONFIRMATION,20.0,1500,50,50,0,0,0,12.373952431601138,12.016504342905284,3.330805069154162,0.52,-8.685885305199628e-06,0.48,1.0384615384615385,0.4236092959343245,0.0
AMNoiseGaiJam,FROZEN_REJECTION_CONFIRMATION,20.0,2500,50,50,0,0,0,0.0,0.0,0.0,1.0,-8.685885305199628e-06,1.0,nan,0.0,0.0
AMNoiseGaiJam,FROZEN_REJECTION_CONFIRMATION,20.0,3500,50,50,0,0,0,0.0,0.0,0.0,1.0,-8.685885305199628e-06,1.0,nan,0.0,0.0
AMNoiseGaiJam,FROZEN_REJECTION_CONFIRMATION,20.0,4000,50,50,0,0,0,0.0,0.0,0.0,1.0,-8.685885306163955e-06,1.0,nan,0.0,0.0
AMNoiseGaiJam,FROZEN_REJECTION_CONFIRMATION,30.0,1000,50,50,0,0,0,0.0,0.0,0.0,0.0,-8.68588530327097e-06,1.0,nan,0.0,0.0
AMNoiseGaiJam,FROZEN_REJECTION_CONFIRMATION,30.0,1500,50,50,0,0,0,0.0,0.0,0.0,0.0,-8.685885305199628e-06,1.0,nan,0.0,0.0
AMNoiseGaiJam,FROZEN_REJECTION_CONFIRMATION,30.0,2500,50,50,0,0,0,0.0,0.0,0.0,1.0,-8.685885305199628e-06,1.0,nan,0.0,0.0
AMNoiseGaiJam,FROZEN_REJECTION_CONFIRMATION,30.0,3500,50,50,0,0,0,0.0,0.0,0.0,1.0,-8.685885305199628e-06,1.0,nan,0.0,0.0
AMNoiseGaiJam,FROZEN_REJECTION_CONFIRMATION,30.0,4000,50,50,0,0,0,0.0,0.0,0.0,1.0,-8.685885306163955e-06,1.0,nan,0.0,0.0
AMNoiseGaiJam,IDENTITY_BASELINE,0.0,1000,50,50,0,0,0,0.0,0.0,0.0,1.0,0.0,1.0,nan,1.0,0.0
AMNoiseGaiJam,IDENTITY_BASELINE,0.0,1500,50,50,0,0,0,0.0,0.0,0.0,1.0,0.0,1.0,nan,1.0,0.0
AMNoiseGaiJam,IDENTITY_BASELINE,0.0,2500,50,50,0,0,0,0.0,0.0,0.0,1.0,0.0,1.0,nan,1.0,0.0
AMNoiseGaiJam,IDENTITY_BASELINE,0.0,3500,50,50,0,0,0,0.0,0.0,0.0,1.0,0.0,1.0,nan,1.0,0.0
AMNoiseGaiJam,IDENTITY_BASELINE,0.0,4000,50,50,0,0,0,0.0,0.0,0.0,1.0,0.0,1.0,nan,1.0,0.0
AMNoiseGaiJam,IDENTITY_BASELINE,10.0,1000,50,50,0,0,0,0.0,0.0,0.0,1.0,0.0,1.0,nan,1.0,0.0
AMNoiseGaiJam,IDENTITY_BASELINE,10.0,1500,50,50,0,0,0,0.0,0.0,0.0,1.0,0.0,1.0,nan,1.0,0.0
AMNoiseGaiJam,IDENTITY_BASELINE,10.0,2500,50,50,0,0,0,0.0,0.0,0.0,1.0,0.0,1.0,nan,1.0,0.0
AMNoiseGaiJam,IDENTITY_BASELINE,10.0,3500,50,50,0,0,0,0.0,0.0,0.0,1.0,0.0,1.0,nan,1.0,0.0
AMNoiseGaiJam,IDENTITY_BASELINE,10.0,4000,50,50,0,0,0,0.0,0.0,0.0,1.0,0.0,1.0,nan,1.0,0.0
AMNoiseGaiJam,IDENTITY_BASELINE,20.0,1000,50,50,0,0,0,0.0,0.0,0.0,0.14,0.0,1.0,nan,1.0,0.0
AMNoiseGaiJam,IDENTITY_BASELINE,20.0,1500,50,50,0,0,0,0.0,0.0,0.0,0.1,0.0,1.0,nan,1.0,0.0
AMNoiseGaiJam,IDENTITY_BASELINE,20.0,2500,50,50,0,0,0,0.0,0.0,0.0,1.0,0.0,1.0,nan,1.0,0.0
AMNoiseGaiJam,IDENTITY_BASELINE,20.0,3500,50,50,0,0,0,0.0,0.0,0.0,1.0,0.0,1.0,nan,1.0,0.0
AMNoiseGaiJam,IDENTITY_BASELINE,20.0,4000,50,50,0,0,0,0.0,0.0,0.0,1.0,0.0,1.0,nan,1.0,0.0
AMNoiseGaiJam,IDENTITY_BASELINE,30.0,1000,50,50,0,0,0,0.0,0.0,0.0,0.0,0.0,1.0,nan,1.0,0.0
AMNoiseGaiJam,IDENTITY_BASELINE,30.0,1500,50,50,0,0,0,0.0,0.0,0.0,0.0,0.0,1.0,nan,1.0,0.0
AMNoiseGaiJam,IDENTITY_BASELINE,30.0,2500,50,50,0,0,0,0.0,0.0,0.0,1.0,0.0,1.0,nan,1.0,0.0
AMNoiseGaiJam,IDENTITY_BASELINE,30.0,3500,50,50,0,0,0,0.0,0.0,0.0,1.0,0.0,1.0,nan,1.0,0.0
AMNoiseGaiJam,IDENTITY_BASELINE,30.0,4000,50,50,0,0,0,0.0,0.0,0.0,1.0,0.0,1.0,nan,1.0,0.0
AMNoiseGaiJam,ORACLE_UPPER_BOUND,0.0,1000,50,50,0,0,0,8.555564710750591,0.349820960847827,0.09696542325774334,1.0,-8.685846209437572e-05,0.0,0.0,1.0,0.0
AMNoiseGaiJam,ORACLE_UPPER_BOUND,0.0,1500,50,50,0,0,0,8.428940127365445,0.34460511084577955,0.09551966339855229,1.0,-8.68584620991974e-05,0.0,0.0,1.0,0.0
AMNoiseGaiJam,ORACLE_UPPER_BOUND,0.0,2500,50,50,0,0,0,9.022458547257619,0.2866521041537793,0.0794559095019037,1.0,-8.68584620963044e-05,0.0,0.0,1.0,0.0
AMNoiseGaiJam,ORACLE_UPPER_BOUND,0.0,3500,50,50,0,0,0,9.009197848868688,0.28847423495786995,0.07996097839263401,1.0,-8.68584620991974e-05,0.0,0.0,1.0,0.0
AMNoiseGaiJam,ORACLE_UPPER_BOUND,0.0,4000,50,50,0,0,0,9.025039352708179,0.2948371198301261,0.081724680096738,1.0,-8.68584620991974e-05,0.0,0.0,1.0,0.0
AMNoiseGaiJam,ORACLE_UPPER_BOUND,10.0,1000,50,50,0,0,0,16.669696256386068,0.6801301322035831,0.188522454399619,1.0,-8.685846209437572e-05,0.0,0.0,1.0,0.0
AMNoiseGaiJam,ORACLE_UPPER_BOUND,10.0,1500,50,50,0,0,0,16.671801145923368,0.5148606460392775,0.14271209003874027,1.0,-8.68584620991974e-05,0.0,0.0,1.0,0.0
AMNoiseGaiJam,ORACLE_UPPER_BOUND,10.0,2500,50,50,0,0,0,17.922368835440995,0.3495448098055858,0.09688887809409995,1.0,-8.68584620963044e-05,0.0,0.0,1.0,0.0
AMNoiseGaiJam,ORACLE_UPPER_BOUND,10.0,3500,50,50,0,0,0,17.911049999080074,0.35161761804585384,0.09746343122511476,1.0,-8.68584620991974e-05,0.0,0.0,1.0,0.0
AMNoiseGaiJam,ORACLE_UPPER_BOUND,10.0,4000,50,50,0,0,0,17.92300185957713,0.3566980221451962,0.09887164739552143,1.0,-8.68584620991974e-05,0.0,0.0,1.0,0.0
AMNoiseGaiJam,ORACLE_UPPER_BOUND,20.0,1000,50,50,0,0,0,24.466116801341812,1.4770837414208142,0.4094267245361094,1.0,-8.685846209437572e-05,0.0,0.0,1.0,0.0
AMNoiseGaiJam,ORACLE_UPPER_BOUND,20.0,1500,50,50,0,0,0,24.425490238718925,0.8683506284471649,0.24069451418645543,1.0,-8.68584620991974e-05,0.0,0.0,1.0,0.0
AMNoiseGaiJam,ORACLE_UPPER_BOUND,20.0,2500,50,50,0,0,0,27.795876657901896,0.35635796700163586,0.09877738891870978,1.0,-8.68584620963044e-05,0.0,0.0,1.0,0.0
AMNoiseGaiJam,ORACLE_UPPER_BOUND,20.0,3500,50,50,0,0,0,27.784669195883,0.35829203375374535,0.09931348487125793,1.0,-8.68584620991974e-05,0.0,0.0,1.0,0.0
AMNoiseGaiJam,ORACLE_UPPER_BOUND,20.0,4000,50,50,0,0,0,27.796117019577082,0.36291342547336275,0.10059446930125458,1.0,-8.68584620991974e-05,0.0,0.0,1.0,0.0
AMNoiseGaiJam,ORACLE_UPPER_BOUND,30.0,1000,50,50,0,0,0,29.22959548763262,2.0035299884529985,0.5553501793291223,1.0,-8.685846209437572e-05,0.0,0.0,1.0,0.0
AMNoiseGaiJam,ORACLE_UPPER_BOUND,30.0,1500,50,50,0,0,0,29.647315859210142,1.4111512831335926,0.3911511795008735,1.0,-8.68584620991974e-05,0.0,0.0,1.0,0.0
AMNoiseGaiJam,ORACLE_UPPER_BOUND,30.0,2500,50,50,0,0,0,37.783224404837156,0.3564745497920043,0.09880970401951235,1.0,-8.68584620963044e-05,0.0,0.0,1.0,0.0
AMNoiseGaiJam,ORACLE_UPPER_BOUND,30.0,3500,50,50,0,0,0,37.77198264559829,0.3583300234797122,0.09932401508605379,1.0,-8.68584620991974e-05,0.0,0.0,1.0,0.0
AMNoiseGaiJam,ORACLE_UPPER_BOUND,30.0,4000,50,50,0,0,0,37.783378597738576,0.36284960488357515,0.10057677913630188,1.0,-8.68584620991974e-05,0.0,0.0,1.0,0.0
FMNoiseAimedJam,FROZEN_REJECTION_CONFIRMATION,0.0,1000,50,50,0,0,0,10.298053108490842,0.4674959447450096,0.12958326466091186,1.0,-8.68588530327097e-06,0.0,0.1,0.9451632139283487,0.0
FMNoiseAimedJam,FROZEN_REJECTION_CONFIRMATION,0.0,1500,50,50,0,0,0,10.523717949332557,0.5065989688511354,0.14042206995696616,1.0,-8.685885305199628e-06,0.0,0.0,0.9420890803851967,0.0
FMNoiseAimedJam,FROZEN_REJECTION_CONFIRMATION,0.0,2500,50,50,0,0,0,10.584894716012707,0.3203113661126359,0.08878578091519372,1.0,-8.685885305199628e-06,0.0,0.0,0.9131281152161812,0.0
FMNoiseAimedJam,FROZEN_REJECTION_CONFIRMATION,0.0,3500,50,50,0,0,0,10.5988630402096,0.3366899864870907,0.09332570286023052,1.0,-8.685885305199628e-06,0.0,0.0,0.9130448910191822,0.0
FMNoiseAimedJam,FROZEN_REJECTION_CONFIRMATION,0.0,4000,50,50,0,0,0,10.591140868424963,0.3271690998776349,0.09068664773432439,1.0,-8.685885306163955e-06,0.0,0.0,0.9131725911440545,0.0
FMNoiseAimedJam,FROZEN_REJECTION_CONFIRMATION,10.0,1000,50,50,0,0,0,18.943500884895403,2.978902168277642,0.8257095540827287,0.98,-8.68588530327097e-06,0.02,0.7142857142857143,0.8336662615840865,0.0
FMNoiseAimedJam,FROZEN_REJECTION_CONFIRMATION,10.0,1500,50,50,0,0,0,17.54808637361381,6.0068705599440335,1.6650195714053337,0.9,-8.685885305199628e-06,0.1,0.4888888888888889,0.7589985377481758,0.0
FMNoiseAimedJam,FROZEN_REJECTION_CONFIRMATION,10.0,2500,50,50,0,0,0,0.0,0.0,0.0,1.0,-8.685885305199628e-06,1.0,nan,0.0,0.0
FMNoiseAimedJam,FROZEN_REJECTION_CONFIRMATION,10.0,3500,50,50,0,0,0,0.0,0.0,0.0,1.0,-8.685885305199628e-06,1.0,nan,0.0,0.0
FMNoiseAimedJam,FROZEN_REJECTION_CONFIRMATION,10.0,4000,50,50,0,0,0,0.0,0.0,0.0,1.0,-8.685885306163955e-06,1.0,nan,0.0,0.0
FMNoiseAimedJam,FROZEN_REJECTION_CONFIRMATION,20.0,1000,50,50,0,0,0,0.3050841750413272,2.157270890044261,0.5979649830810012,0.02,-8.68588530327097e-06,0.98,16.0,0.016320667634606427,0.0
FMNoiseAimedJam,FROZEN_REJECTION_CONFIRMATION,20.0,1500,50,50,0,0,0,0.4518758301417375,3.1952446374752315,0.8856766270778057,0.02,-8.685885305199628e-06,0.98,1.0,0.016450095257278273,0.0
FMNoiseAimedJam,FROZEN_REJECTION_CONFIRMATION,20.0,2500,50,50,0,0,0,-6.3455297718066905,44.869671318656366,12.437238352741113,1.0,-8.685885305199628e-06,0.98,1515.0,0.01604257863886511,0.0
FMNoiseAimedJam,FROZEN_REJECTION_CONFIRMATION,20.0,3500,50,50,0,0,0,-6.310415540598349,44.62137620862065,12.368414459572763,1.0,-8.685885305199628e-06,0.98,2515.0,0.016043296200146683,0.0
FMNoiseAimedJam,FROZEN_REJECTION_CONFIRMATION,20.0,4000,50,50,0,0,0,-6.359894421700545,44.97124473214952,12.46539306653307,1.0,-8.685885306163955e-06,0.98,3015.0,0.01604379960737954,0.0
FMNoiseAimedJam,FROZEN_REJECTION_CONFIRMATION,30.0,1000,50,50,0,0,0,0.32882457000123827,2.3251408326862615,0.6444961572024269,0.0,-8.68588530327097e-06,0.98,16.0,0.016162853696972672,0.0
FMNoiseAimedJam,FROZEN_REJECTION_CONFIRMATION,30.0,1500,50,50,0,0,0,-0.7844886771838889,5.547172634007924,1.5375978072804226,0.0,-8.685885305199628e-06,0.98,516.0,0.016086351279937287,0.0
FMNoiseAimedJam,FROZEN_REJECTION_CONFIRMATION,30.0,2500,50,50,0,0,0,-6.156484858038843,43.532921913915665,12.066710321756135,1.0,-8.685885305199628e-06,0.98,1516.0,0.01608277932196358,0.0
FMNoiseAimedJam,FROZEN_REJECTION_CONFIRMATION,30.0,3500,50,50,0,0,0,-6.157595181467124,43.54077308617013,12.068886555675562,1.0,-8.685885305199628e-06,0.98,2516.0,0.0160828463940204,0.0
FMNoiseAimedJam,FROZEN_REJECTION_CONFIRMATION,30.0,4000,50,50,0,0,0,-6.061939285454538,42.86438375886038,11.881400999490891,1.0,-8.685885306163955e-06,0.98,3016.0,0.01608289865450347,0.0
FMNoiseAimedJam,IDENTITY_BASELINE,0.0,1000,50,50,0,0,0,0.0,0.0,0.0,1.0,0.0,1.0,nan,1.0,0.0
FMNoiseAimedJam,IDENTITY_BASELINE,0.0,1500,50,50,0,0,0,0.0,0.0,0.0,1.0,0.0,1.0,nan,1.0,0.0
FMNoiseAimedJam,IDENTITY_BASELINE,0.0,2500,50,50,0,0,0,0.0,0.0,0.0,1.0,0.0,1.0,nan,1.0,0.0
FMNoiseAimedJam,IDENTITY_BASELINE,0.0,3500,50,50,0,0,0,0.0,0.0,0.0,1.0,0.0,1.0,nan,1.0,0.0
FMNoiseAimedJam,IDENTITY_BASELINE,0.0,4000,50,50,0,0,0,0.0,0.0,0.0,1.0,0.0,1.0,nan,1.0,0.0
FMNoiseAimedJam,IDENTITY_BASELINE,10.0,1000,50,50,0,0,0,0.0,0.0,0.0,0.5,0.0,1.0,nan,1.0,0.0
FMNoiseAimedJam,IDENTITY_BASELINE,10.0,1500,50,50,0,0,0,0.0,0.0,0.0,0.78,0.0,1.0,nan,1.0,0.0
FMNoiseAimedJam,IDENTITY_BASELINE,10.0,2500,50,50,0,0,0,0.0,0.0,0.0,1.0,0.0,1.0,nan,1.0,0.0
FMNoiseAimedJam,IDENTITY_BASELINE,10.0,3500,50,50,0,0,0,0.0,0.0,0.0,1.0,0.0,1.0,nan,1.0,0.0
FMNoiseAimedJam,IDENTITY_BASELINE,10.0,4000,50,50,0,0,0,0.0,0.0,0.0,1.0,0.0,1.0,nan,1.0,0.0
FMNoiseAimedJam,IDENTITY_BASELINE,20.0,1000,50,50,0,0,0,0.0,0.0,0.0,0.02,0.0,1.0,nan,1.0,0.0
FMNoiseAimedJam,IDENTITY_BASELINE,20.0,1500,50,50,0,0,0,0.0,0.0,0.0,0.0,0.0,1.0,nan,1.0,0.0
FMNoiseAimedJam,IDENTITY_BASELINE,20.0,2500,50,50,0,0,0,0.0,0.0,0.0,1.0,0.0,1.0,nan,1.0,0.0
FMNoiseAimedJam,IDENTITY_BASELINE,20.0,3500,50,50,0,0,0,0.0,0.0,0.0,1.0,0.0,1.0,nan,1.0,0.0
FMNoiseAimedJam,IDENTITY_BASELINE,20.0,4000,50,50,0,0,0,0.0,0.0,0.0,1.0,0.0,1.0,nan,1.0,0.0
FMNoiseAimedJam,IDENTITY_BASELINE,30.0,1000,50,50,0,0,0,0.0,0.0,0.0,0.0,0.0,1.0,nan,1.0,0.0
FMNoiseAimedJam,IDENTITY_BASELINE,30.0,1500,50,50,0,0,0,0.0,0.0,0.0,0.0,0.0,1.0,nan,1.0,0.0
FMNoiseAimedJam,IDENTITY_BASELINE,30.0,2500,50,50,0,0,0,0.0,0.0,0.0,1.0,0.0,1.0,nan,1.0,0.0
FMNoiseAimedJam,IDENTITY_BASELINE,30.0,3500,50,50,0,0,0,0.0,0.0,0.0,1.0,0.0,1.0,nan,1.0,0.0
FMNoiseAimedJam,IDENTITY_BASELINE,30.0,4000,50,50,0,0,0,0.0,0.0,0.0,1.0,0.0,1.0,nan,1.0,0.0
FMNoiseAimedJam,ORACLE_UPPER_BOUND,0.0,1000,50,50,0,0,0,10.297777609749154,0.467710566955706,0.12964275490257793,1.0,-8.685846209437572e-05,0.0,0.0,1.0,0.0
FMNoiseAimedJam,ORACLE_UPPER_BOUND,0.0,1500,50,50,0,0,0,10.523717949332557,0.5065989688511354,0.14042206995696616,1.0,-8.68584620991974e-05,0.0,0.0,1.0,0.0
FMNoiseAimedJam,ORACLE_UPPER_BOUND,0.0,2500,50,50,0,0,0,10.584894716012707,0.32031136611263616,0.0887857809151938,1.0,-8.68584620963044e-05,0.0,0.0,1.0,0.0
FMNoiseAimedJam,ORACLE_UPPER_BOUND,0.0,3500,50,50,0,0,0,10.5988630402096,0.3366899864870907,0.09332570286023052,1.0,-8.68584620991974e-05,0.0,0.0,1.0,0.0
FMNoiseAimedJam,ORACLE_UPPER_BOUND,0.0,4000,50,50,0,0,0,10.591140868424963,0.3271690998776349,0.09068664773432439,1.0,-8.68584620991974e-05,0.0,0.0,1.0,0.0
FMNoiseAimedJam,ORACLE_UPPER_BOUND,10.0,1000,50,50,0,0,0,19.390265801192538,1.2585601925805991,0.348855087108434,1.0,-8.685846209437572e-05,0.0,0.0,1.0,0.0
FMNoiseAimedJam,ORACLE_UPPER_BOUND,10.0,1500,50,50,0,0,0,19.716446643276143,1.286520768447543,0.3566053633265816,1.0,-8.68584620991974e-05,0.0,0.0,1.0,0.0
FMNoiseAimedJam,ORACLE_UPPER_BOUND,10.0,2500,50,50,0,0,0,19.84490074836391,0.3723045312300951,0.10319755101011738,1.0,-8.68584620963044e-05,0.0,0.0,1.0,0.0
FMNoiseAimedJam,ORACLE_UPPER_BOUND,10.0,3500,50,50,0,0,0,19.861064802141833,0.38884546738404835,0.10778246459379792,1.0,-8.68584620991974e-05,0.0,0.0,1.0,0.0
FMNoiseAimedJam,ORACLE_UPPER_BOUND,10.0,4000,50,50,0,0,0,19.850154147613114,0.383934776489203,0.10642129052363189,1.0,-8.68584620991974e-05,0.0,0.0,1.0,0.0
FMNoiseAimedJam,ORACLE_UPPER_BOUND,20.0,1000,50,50,0,0,0,27.50439882556597,2.7428193393718128,0.7602707325402507,1.0,-8.685846209437572e-05,0.0,0.0,1.0,0.0
FMNoiseAimedJam,ORACLE_UPPER_BOUND,20.0,1500,50,50,0,0,0,28.280284979888382,2.4530356336750714,0.679946787377042,1.0,-8.68584620991974e-05,0.0,0.0,1.0,0.0
FMNoiseAimedJam,ORACLE_UPPER_BOUND,20.0,2500,50,50,0,0,0,29.76358832982809,0.37921130905048217,0.10511201214783163,1.0,-8.68584620963044e-05,0.0,0.0,1.0,0.0
FMNoiseAimedJam,ORACLE_UPPER_BOUND,20.0,3500,50,50,0,0,0,29.78041329115825,0.3955698659088438,0.10964637276994113,1.0,-8.68584620991974e-05,0.0,0.0,1.0,0.0
FMNoiseAimedJam,ORACLE_UPPER_BOUND,20.0,4000,50,50,0,0,0,29.769098727529716,0.3914271295661396,0.10849806484138824,1.0,-8.68584620991974e-05,0.0,0.0,1.0,0.0
FMNoiseAimedJam,ORACLE_UPPER_BOUND,30.0,1000,50,50,0,0,0,29.849206000254913,2.853174611138004,0.7908596532544295,1.0,-8.685846209437572e-05,0.0,0.0,1.0,0.0
FMNoiseAimedJam,ORACLE_UPPER_BOUND,30.0,1500,50,50,0,0,0,32.57137991873694,3.6061287035007803,0.9995678795501269,1.0,-8.68584620991974e-05,0.0,0.0,1.0,0.0
FMNoiseAimedJam,ORACLE_UPPER_BOUND,30.0,2500,50,50,0,0,0,39.75542523337769,0.38009562177357153,0.10535713112892055,1.0,-8.68584620963044e-05,0.0,0.0,1.0,0.0
FMNoiseAimedJam,ORACLE_UPPER_BOUND,30.0,3500,50,50,0,0,0,39.77244356707502,0.3963678931695425,0.10986757464108493,1.0,-8.68584620991974e-05,0.0,0.0,1.0,0.0
FMNoiseAimedJam,ORACLE_UPPER_BOUND,30.0,4000,50,50,0,0,0,39.761087308621924,0.39233301971067164,0.10874916477855803,1.0,-8.68584620991974e-05,0.0,0.0,1.0,0.0
FMNoiseSaopin,FROZEN_REJECTION_CONFIRMATION,0.0,1000,50,50,0,0,0,7.967229353657691,2.9935802110103378,0.829778099954656,1.0,-8.68588530327097e-06,0.0,0.02,0.9599779793351079,0.0
FMNoiseSaopin,FROZEN_REJECTION_CONFIRMATION,0.0,1500,50,50,0,0,0,8.075237780575755,2.948315680213441,0.8172314121385605,1.0,-8.685885305199628e-06,0.0,0.0,0.9495374238057706,0.0
FMNoiseSaopin,FROZEN_REJECTION_CONFIRMATION,0.0,2500,50,50,0,0,0,8.081135581012688,2.9604989206471326,0.8206084340941364,1.0,-8.685885305199628e-06,0.0,0.0,0.9487642597506815,0.0
FMNoiseSaopin,FROZEN_REJECTION_CONFIRMATION,0.0,3500,50,50,0,0,0,8.058086491243742,2.972959271348933,0.8240622670972011,1.0,-8.685885305199628e-06,0.0,0.0,0.9488619781947293,0.0
FMNoiseSaopin,FROZEN_REJECTION_CONFIRMATION,0.0,4000,50,50,0,0,0,8.06221247679158,2.9714366551857285,0.8236402194292558,1.0,-8.685885306163955e-06,0.0,0.0,0.9489626022406717,0.0
FMNoiseSaopin,FROZEN_REJECTION_CONFIRMATION,10.0,1000,50,50,0,0,0,15.34765999461273,6.187110999323083,1.7149796722814894,1.0,-8.68588530327097e-06,0.0,0.56,0.8917298761791187,0.0
FMNoiseSaopin,FROZEN_REJECTION_CONFIRMATION,10.0,1500,50,50,0,0,0,14.146098185470429,6.905627191659702,1.9141421997029655,1.0,-8.685885305199628e-06,0.06,0.0,0.8171513905157914,0.0
FMNoiseSaopin,FROZEN_REJECTION_CONFIRMATION,10.0,2500,50,50,0,0,0,12.14478460597985,7.778266606688243,2.156025504878724,1.0,-8.685885305199628e-06,0.16,0.0,0.7351965138642907,0.0
FMNoiseSaopin,FROZEN_REJECTION_CONFIRMATION,10.0,3500,50,50,0,0,0,12.931215626238,7.512092535754422,2.082245816589657,1.0,-8.685885305199628e-06,0.12,0.0,0.7673809438165788,0.0
FMNoiseSaopin,FROZEN_REJECTION_CONFIRMATION,10.0,4000,50,50,0,0,0,13.333931639350771,7.348415552424747,2.0368768714937215,1.0,-8.685885306163955e-06,0.1,0.0,0.7833887196321518,0.0
FMNoiseSaopin,FROZEN_REJECTION_CONFIRMATION,20.0,1000,50,50,0,0,0,2.2614727872987817,4.305651766935589,1.193465780236574,0.74,-8.68588530327097e-06,0.78,0.0,0.20691791803842052,0.0
FMNoiseSaopin,FROZEN_REJECTION_CONFIRMATION,20.0,1500,50,50,0,0,0,2.3066178598224,4.392018926196868,1.2174055353988777,1.0,-8.685885305199628e-06,0.78,0.0,0.20679876884096113,0.0
FMNoiseSaopin,FROZEN_REJECTION_CONFIRMATION,20.0,2500,50,50,0,0,0,2.30895046079201,4.39686729905728,1.2187494357911863,1.0,-8.685885305199628e-06,0.78,0.0,0.2064397963487337,0.0
FMNoiseSaopin,FROZEN_REJECTION_CONFIRMATION,20.0,3500,50,50,0,0,0,2.3046799766321815,4.38865994752298,1.2164744740123963,1.0,-8.685885305199628e-06,0.78,0.0,0.2065213552706605,0.0
FMNoiseSaopin,FROZEN_REJECTION_CONFIRMATION,20.0,4000,50,50,0,0,0,2.2972779931420613,4.374794175313373,1.2126310780425222,1.0,-8.685885306163955e-06,0.78,0.0,0.2066000192820097,0.0
FMNoiseSaopin,FROZEN_REJECTION_CONFIRMATION,30.0,1000,50,50,0,0,0,4.340558885194041,8.259144909773951,2.289318170021379,0.48,-8.68588530327097e-06,0.78,0.0,0.1859166073760613,0.0
FMNoiseSaopin,FROZEN_REJECTION_CONFIRMATION,30.0,1500,50,50,0,0,0,4.3200824036699075,8.220529525886763,2.278614531697915,1.0,-8.685885305199628e-06,0.78,1.0,0.1866848947325169,0.0
FMNoiseSaopin,FROZEN_REJECTION_CONFIRMATION,30.0,2500,50,50,0,0,0,4.3399680205320665,8.258345867140964,2.2890966867033953,1.0,-8.685885305199628e-06,0.78,0.0,0.18570409953141354,0.0
FMNoiseSaopin,FROZEN_REJECTION_CONFIRMATION,30.0,3500,50,50,0,0,0,4.337153560894473,8.252786208603554,2.2875556279802653,1.0,-8.685885305199628e-06,0.78,0.0,0.1857844192258174,0.0
FMNoiseSaopin,FROZEN_REJECTION_CONFIRMATION,30.0,4000,50,50,0,0,0,4.328806090704233,8.237038582239231,2.283190608651461,1.0,-8.685885306163955e-06,0.78,0.0,0.18586355701544957,0.0
FMNoiseSaopin,IDENTITY_BASELINE,0.0,1000,50,50,0,0,0,0.0,0.0,0.0,1.0,0.0,1.0,nan,1.0,0.0
FMNoiseSaopin,IDENTITY_BASELINE,0.0,1500,50,50,0,0,0,0.0,0.0,0.0,1.0,0.0,1.0,nan,1.0,0.0
FMNoiseSaopin,IDENTITY_BASELINE,0.0,2500,50,50,0,0,0,0.0,0.0,0.0,1.0,0.0,1.0,nan,1.0,0.0
FMNoiseSaopin,IDENTITY_BASELINE,0.0,3500,50,50,0,0,0,0.0,0.0,0.0,1.0,0.0,1.0,nan,1.0,0.0
FMNoiseSaopin,IDENTITY_BASELINE,0.0,4000,50,50,0,0,0,0.0,0.0,0.0,1.0,0.0,1.0,nan,1.0,0.0
FMNoiseSaopin,IDENTITY_BASELINE,10.0,1000,50,50,0,0,0,0.0,0.0,0.0,0.84,0.0,1.0,nan,1.0,0.0
FMNoiseSaopin,IDENTITY_BASELINE,10.0,1500,50,50,0,0,0,0.0,0.0,0.0,1.0,0.0,1.0,nan,1.0,0.0
FMNoiseSaopin,IDENTITY_BASELINE,10.0,2500,50,50,0,0,0,0.0,0.0,0.0,1.0,0.0,1.0,nan,1.0,0.0
FMNoiseSaopin,IDENTITY_BASELINE,10.0,3500,50,50,0,0,0,0.0,0.0,0.0,1.0,0.0,1.0,nan,1.0,0.0
FMNoiseSaopin,IDENTITY_BASELINE,10.0,4000,50,50,0,0,0,0.0,0.0,0.0,1.0,0.0,1.0,nan,1.0,0.0
FMNoiseSaopin,IDENTITY_BASELINE,20.0,1000,50,50,0,0,0,0.0,0.0,0.0,0.74,0.0,1.0,nan,1.0,0.0
FMNoiseSaopin,IDENTITY_BASELINE,20.0,1500,50,50,0,0,0,0.0,0.0,0.0,1.0,0.0,1.0,nan,1.0,0.0
FMNoiseSaopin,IDENTITY_BASELINE,20.0,2500,50,50,0,0,0,0.0,0.0,0.0,1.0,0.0,1.0,nan,1.0,0.0
FMNoiseSaopin,IDENTITY_BASELINE,20.0,3500,50,50,0,0,0,0.0,0.0,0.0,1.0,0.0,1.0,nan,1.0,0.0
FMNoiseSaopin,IDENTITY_BASELINE,20.0,4000,50,50,0,0,0,0.0,0.0,0.0,1.0,0.0,1.0,nan,1.0,0.0
FMNoiseSaopin,IDENTITY_BASELINE,30.0,1000,50,50,0,0,0,0.0,0.0,0.0,0.48,0.0,1.0,nan,1.0,0.0
FMNoiseSaopin,IDENTITY_BASELINE,30.0,1500,50,50,0,0,0,0.0,0.0,0.0,1.0,0.0,1.0,nan,1.0,0.0
FMNoiseSaopin,IDENTITY_BASELINE,30.0,2500,50,50,0,0,0,0.0,0.0,0.0,1.0,0.0,1.0,nan,1.0,0.0
FMNoiseSaopin,IDENTITY_BASELINE,30.0,3500,50,50,0,0,0,0.0,0.0,0.0,1.0,0.0,1.0,nan,1.0,0.0
FMNoiseSaopin,IDENTITY_BASELINE,30.0,4000,50,50,0,0,0,0.0,0.0,0.0,1.0,0.0,1.0,nan,1.0,0.0
FMNoiseSaopin,ORACLE_UPPER_BOUND,0.0,1000,50,50,0,0,0,7.967174253909354,2.9935377745642273,0.8297663371719209,1.0,-8.685846209437572e-05,0.0,0.0,1.0,0.0
FMNoiseSaopin,ORACLE_UPPER_BOUND,0.0,1500,50,50,0,0,0,8.075237780575755,2.948315680213441,0.8172314121385605,1.0,-8.68584620991974e-05,0.0,0.0,1.0,0.0
FMNoiseSaopin,ORACLE_UPPER_BOUND,0.0,2500,50,50,0,0,0,8.081135581012688,2.9604989206471326,0.8206084340941364,1.0,-8.68584620963044e-05,0.0,0.0,1.0,0.0
FMNoiseSaopin,ORACLE_UPPER_BOUND,0.0,3500,50,50,0,0,0,8.058086491243742,2.972959271348933,0.8240622670972011,1.0,-8.68584620991974e-05,0.0,0.0,1.0,0.0
FMNoiseSaopin,ORACLE_UPPER_BOUND,0.0,4000,50,50,0,0,0,8.06221247679158,2.9714366551857285,0.8236402194292558,1.0,-8.68584620991974e-05,0.0,0.0,1.0,0.0
FMNoiseSaopin,ORACLE_UPPER_BOUND,10.0,1000,50,50,0,0,0,15.34664648135312,6.186365740276726,1.714773097013125,1.0,-8.685846209437572e-05,0.0,0.0,1.0,0.0
FMNoiseSaopin,ORACLE_UPPER_BOUND,10.0,1500,50,50,0,0,0,15.351995004495311,6.010147999002141,1.665928031163436,1.0,-8.68584620991974e-05,0.0,0.0,1.0,0.0
FMNoiseSaopin,ORACLE_UPPER_BOUND,10.0,2500,50,50,0,0,0,15.365071548393841,6.020226588197223,1.668721673559173,1.0,-8.68584620963044e-05,0.0,0.0,1.0,0.0
FMNoiseSaopin,ORACLE_UPPER_BOUND,10.0,3500,50,50,0,0,0,15.34706119183555,6.029273111208305,1.6712292418039534,1.0,-8.68584620991974e-05,0.0,0.0,1.0,0.0
FMNoiseSaopin,ORACLE_UPPER_BOUND,10.0,4000,50,50,0,0,0,15.347394314922091,6.036706396193652,1.6732896432820485,1.0,-8.68584620991974e-05,0.0,0.0,1.0,0.0
FMNoiseSaopin,ORACLE_UPPER_BOUND,20.0,1000,50,50,0,0,0,23.653242044700022,7.30288365633516,2.0242560737995117,1.0,-8.685846209437572e-05,0.0,0.0,1.0,0.0
FMNoiseSaopin,ORACLE_UPPER_BOUND,20.0,1500,50,50,0,0,0,24.336952888269025,7.659880511771973,2.123210553557436,1.0,-8.68584620991974e-05,0.0,0.0,1.0,0.0
FMNoiseSaopin,ORACLE_UPPER_BOUND,20.0,2500,50,50,0,0,0,24.35086426735198,7.664871927565448,2.1245941034279094,1.0,-8.68584620963044e-05,0.0,0.0,1.0,0.0
FMNoiseSaopin,ORACLE_UPPER_BOUND,20.0,3500,50,50,0,0,0,24.336807314140593,7.667676930129151,2.125371610470853,1.0,-8.68584620991974e-05,0.0,0.0,1.0,0.0
FMNoiseSaopin,ORACLE_UPPER_BOUND,20.0,4000,50,50,0,0,0,24.333663087785943,7.681589028333255,2.12922784735127,1.0,-8.68584620991974e-05,0.0,0.0,1.0,0.0
FMNoiseSaopin,ORACLE_UPPER_BOUND,30.0,1000,50,50,0,0,0,30.771376651776972,6.140131317699619,1.7019575689115463,1.0,-8.685846209437572e-05,0.0,0.0,1.0,0.0
FMNoiseSaopin,ORACLE_UPPER_BOUND,30.0,1500,50,50,0,0,0,34.14848966947689,8.011604441437328,2.220703452860042,1.0,-8.68584620991974e-05,0.0,0.0,1.0,0.0
FMNoiseSaopin,ORACLE_UPPER_BOUND,30.0,2500,50,50,0,0,0,34.17198034324568,7.974438444918422,2.210401564218157,1.0,-8.68584620963044e-05,0.0,0.0,1.0,0.0
FMNoiseSaopin,ORACLE_UPPER_BOUND,30.0,3500,50,50,0,0,0,34.15945316873984,7.974373908154938,2.2103836755399833,1.0,-8.68584620991974e-05,0.0,0.0,1.0,0.0
FMNoiseSaopin,ORACLE_UPPER_BOUND,30.0,4000,50,50,0,0,0,34.15531176060172,7.9901834728230865,2.21476586329069,1.0,-8.68584620991974e-05,0.0,0.0,1.0,0.0
FMZuse,FROZEN_REJECTION_CONFIRMATION,0.0,1000,50,50,0,0,0,5.934418545725346,0.3106322892901025,0.08610287769931287,1.0,-8.68588530327097e-06,0.0,0.0,0.9724087906454011,0.0
FMZuse,FROZEN_REJECTION_CONFIRMATION,0.0,1500,50,50,0,0,0,5.997946574754678,0.2605282889250744,0.0722147573576205,1.0,-8.685885305199628e-06,0.0,0.0,0.9692997355464514,0.0
FMZuse,FROZEN_REJECTION_CONFIRMATION,0.0,2500,50,50,0,0,0,6.0388189848520835,0.21376717425848202,0.05925323765719753,1.0,-8.685885305199628e-06,0.0,0.0,0.9636959823568992,0.0
FMZuse,FROZEN_REJECTION_CONFIRMATION,0.0,3500,50,50,0,0,0,6.054991981639859,0.20902783325149368,0.05793955935275394,1.0,-8.685885305199628e-06,0.0,0.0,0.963608730352983,0.0
FMZuse,FROZEN_REJECTION_CONFIRMATION,0.0,4000,50,50,0,0,0,6.057326000029506,0.20683675436908558,0.057332223272294695,1.0,-8.685885306163955e-06,0.0,0.0,0.9636035635896945,0.0
FMZuse,FROZEN_REJECTION_CONFIRMATION,10.0,1000,50,50,0,0,0,13.405051221366248,0.5966593280713102,0.1653855279194735,1.0,-8.68588530327097e-06,0.0,0.24,0.9252643031199526,0.0
FMZuse,FROZEN_REJECTION_CONFIRMATION,10.0,1500,50,50,0,0,0,13.445592545827644,0.5753792409261616,0.15948698870104,1.0,-8.685885305199628e-06,0.0,0.08,0.9041741548340501,0.0
FMZuse,FROZEN_REJECTION_CONFIRMATION,10.0,2500,50,50,0,0,0,13.477911708575382,0.3305873159140932,0.09163412887998898,1.0,-8.685885305199628e-06,0.0,0.0,0.8709740506099958,0.0
FMZuse,FROZEN_REJECTION_CONFIRMATION,10.0,3500,50,50,0,0,0,13.494370009822328,0.3292494362755355,0.09126328756417344,1.0,-8.685885305199628e-06,0.0,0.0,0.8707718255163864,0.0
FMZuse,FROZEN_REJECTION_CONFIRMATION,10.0,4000,50,50,0,0,0,13.491650145366318,0.3223659866826723,0.08935529268122624,1.0,-8.685885306163955e-06,0.0,0.0,0.8707943463941272,0.0
FMZuse,FROZEN_REJECTION_CONFIRMATION,20.0,1000,50,50,0,0,0,9.65990625626877,11.030251693747706,3.0574297821706145,0.46,-8.68588530327097e-06,0.56,0.8636363636363636,0.3646580524673429,0.0
FMZuse,FROZEN_REJECTION_CONFIRMATION,20.0,1500,50,50,0,0,0,3.4159732122639155,7.908839604400855,2.1922184933107216,0.6,-8.685885305199628e-06,0.84,0.875,0.1294286856377931,0.0
FMZuse,FROZEN_REJECTION_CONFIRMATION,20.0,2500,50,50,0,0,0,0.0,0.0,0.0,1.0,-8.685885305199628e-06,1.0,nan,0.0,0.0
FMZuse,FROZEN_REJECTION_CONFIRMATION,20.0,3500,50,50,0,0,0,0.0,0.0,0.0,1.0,-8.685885305199628e-06,1.0,nan,0.0,0.0
FMZuse,FROZEN_REJECTION_CONFIRMATION,20.0,4000,50,50,0,0,0,0.0,0.0,0.0,1.0,-8.685885306163955e-06,1.0,nan,0.0,0.0
FMZuse,FROZEN_REJECTION_CONFIRMATION,30.0,1000,50,50,0,0,0,0.4620678316085721,3.267312970985851,0.9056529499528012,0.04,-8.68588530327097e-06,0.98,12.0,0.016052845000927466,0.0
FMZuse,FROZEN_REJECTION_CONFIRMATION,30.0,1500,50,50,0,0,0,-1.3642482810397505,6.974391978643619,1.9332028261987706,0.0,-8.685885305199628e-06,0.96,542.0,0.0323381789699069,0.0
FMZuse,FROZEN_REJECTION_CONFIRMATION,30.0,2500,50,50,0,0,0,-12.576933312391356,62.240459524078965,17.252175189508083,1.0,-8.685885305199628e-06,0.96,1542.0,0.03231236508818581,0.0
FMZuse,FROZEN_REJECTION_CONFIRMATION,30.0,3500,50,50,0,0,0,-12.655948761437857,62.63713474273901,17.362127950429006,1.0,-8.685885305199628e-06,0.96,2542.0,0.032313313990266754,0.0
FMZuse,FROZEN_REJECTION_CONFIRMATION,30.0,4000,50,50,0,0,0,-12.573285924883784,62.22279080870616,17.247277671473736,1.0,-8.685885306163955e-06,0.96,3042.0,0.032313500003595556,0.0
FMZuse,IDENTITY_BASELINE,0.0,1000,50,50,0,0,0,0.0,0.0,0.0,1.0,0.0,1.0,nan,1.0,0.0
FMZuse,IDENTITY_BASELINE,0.0,1500,50,50,0,0,0,0.0,0.0,0.0,1.0,0.0,1.0,nan,1.0,0.0
FMZuse,IDENTITY_BASELINE,0.0,2500,50,50,0,0,0,0.0,0.0,0.0,1.0,0.0,1.0,nan,1.0,0.0
FMZuse,IDENTITY_BASELINE,0.0,3500,50,50,0,0,0,0.0,0.0,0.0,1.0,0.0,1.0,nan,1.0,0.0
FMZuse,IDENTITY_BASELINE,0.0,4000,50,50,0,0,0,0.0,0.0,0.0,1.0,0.0,1.0,nan,1.0,0.0
FMZuse,IDENTITY_BASELINE,10.0,1000,50,50,0,0,0,0.0,0.0,0.0,1.0,0.0,1.0,nan,1.0,0.0
FMZuse,IDENTITY_BASELINE,10.0,1500,50,50,0,0,0,0.0,0.0,0.0,1.0,0.0,1.0,nan,1.0,0.0
FMZuse,IDENTITY_BASELINE,10.0,2500,50,50,0,0,0,0.0,0.0,0.0,1.0,0.0,1.0,nan,1.0,0.0
FMZuse,IDENTITY_BASELINE,10.0,3500,50,50,0,0,0,0.0,0.0,0.0,1.0,0.0,1.0,nan,1.0,0.0
FMZuse,IDENTITY_BASELINE,10.0,4000,50,50,0,0,0,0.0,0.0,0.0,1.0,0.0,1.0,nan,1.0,0.0
FMZuse,IDENTITY_BASELINE,20.0,1000,50,50,0,0,0,0.0,0.0,0.0,0.16,0.0,1.0,nan,1.0,0.0
FMZuse,IDENTITY_BASELINE,20.0,1500,50,50,0,0,0,0.0,0.0,0.0,0.56,0.0,1.0,nan,1.0,0.0
FMZuse,IDENTITY_BASELINE,20.0,2500,50,50,0,0,0,0.0,0.0,0.0,1.0,0.0,1.0,nan,1.0,0.0
FMZuse,IDENTITY_BASELINE,20.0,3500,50,50,0,0,0,0.0,0.0,0.0,1.0,0.0,1.0,nan,1.0,0.0
FMZuse,IDENTITY_BASELINE,20.0,4000,50,50,0,0,0,0.0,0.0,0.0,1.0,0.0,1.0,nan,1.0,0.0
FMZuse,IDENTITY_BASELINE,30.0,1000,50,50,0,0,0,0.0,0.0,0.0,0.02,0.0,1.0,nan,1.0,0.0
FMZuse,IDENTITY_BASELINE,30.0,1500,50,50,0,0,0,0.0,0.0,0.0,0.0,0.0,1.0,nan,1.0,0.0
FMZuse,IDENTITY_BASELINE,30.0,2500,50,50,0,0,0,0.0,0.0,0.0,1.0,0.0,1.0,nan,1.0,0.0
FMZuse,IDENTITY_BASELINE,30.0,3500,50,50,0,0,0,0.0,0.0,0.0,1.0,0.0,1.0,nan,1.0,0.0
FMZuse,IDENTITY_BASELINE,30.0,4000,50,50,0,0,0,0.0,0.0,0.0,1.0,0.0,1.0,nan,1.0,0.0
FMZuse,ORACLE_UPPER_BOUND,0.0,1000,50,50,0,0,0,5.934418545725346,0.31063228929010234,0.08610287769931282,1.0,-8.685846209437572e-05,0.0,0.0,1.0,0.0
FMZuse,ORACLE_UPPER_BOUND,0.0,1500,50,50,0,0,0,5.997946574754678,0.26052828892507496,0.07221475735762066,1.0,-8.68584620991974e-05,0.0,0.0,1.0,0.0
FMZuse,ORACLE_UPPER_BOUND,0.0,2500,50,50,0,0,0,6.0388189848520835,0.21376717425848202,0.05925323765719753,1.0,-8.68584620963044e-05,0.0,0.0,1.0,0.0
FMZuse,ORACLE_UPPER_BOUND,0.0,3500,50,50,0,0,0,6.054991981639859,0.2090278332514939,0.057939559352753994,1.0,-8.68584620991974e-05,0.0,0.0,1.0,0.0
FMZuse,ORACLE_UPPER_BOUND,0.0,4000,50,50,0,0,0,6.057326000029506,0.20683675436908558,0.057332223272294695,1.0,-8.68584620991974e-05,0.0,0.0,1.0,0.0
FMZuse,ORACLE_UPPER_BOUND,10.0,1000,50,50,0,0,0,13.4043900243862,0.5965461415363238,0.16535415421263375,1.0,-8.685846209437572e-05,0.0,0.0,1.0,0.0
FMZuse,ORACLE_UPPER_BOUND,10.0,1500,50,50,0,0,0,13.445372146834293,0.5754708786124041,0.1595123893717469,1.0,-8.68584620991974e-05,0.0,0.0,1.0,0.0
FMZuse,ORACLE_UPPER_BOUND,10.0,2500,50,50,0,0,0,13.477911708575382,0.3305873159140932,0.09163412887998898,1.0,-8.68584620963044e-05,0.0,0.0,1.0,0.0
FMZuse,ORACLE_UPPER_BOUND,10.0,3500,50,50,0,0,0,13.494370009822328,0.32924943627553566,0.09126328756417348,1.0,-8.68584620991974e-05,0.0,0.0,1.0,0.0
FMZuse,ORACLE_UPPER_BOUND,10.0,4000,50,50,0,0,0,13.491650145366318,0.3223659866826723,0.08935529268122624,1.0,-8.68584620991974e-05,0.0,0.0,1.0,0.0
FMZuse,ORACLE_UPPER_BOUND,20.0,1000,50,50,0,0,0,23.053782615772665,1.677168582874299,0.46488741303223197,1.0,-8.685846209437572e-05,0.0,0.0,1.0,0.0
FMZuse,ORACLE_UPPER_BOUND,20.0,1500,50,50,0,0,0,23.093946720647875,1.56643218885135,0.43419285061822505,1.0,-8.68584620991974e-05,0.0,0.0,1.0,0.0
FMZuse,ORACLE_UPPER_BOUND,20.0,2500,50,50,0,0,0,23.10975234376903,0.36040945808230407,0.09990040495099625,1.0,-8.68584620963044e-05,0.0,0.0,1.0,0.0
FMZuse,ORACLE_UPPER_BOUND,20.0,3500,50,50,0,0,0,23.125736441962722,0.35968642464680856,0.09969999030765296,1.0,-8.68584620991974e-05,0.0,0.0,1.0,0.0
FMZuse,ORACLE_UPPER_BOUND,20.0,4000,50,50,0,0,0,23.121867134633238,0.35296293936019524,0.09783633526821904,1.0,-8.68584620991974e-05,0.0,0.0,1.0,0.0
FMZuse,ORACLE_UPPER_BOUND,30.0,1000,50,50,0,0,0,29.499245687648862,2.1786340182409663,0.6038865401045784,1.0,-8.685846209437572e-05,0.0,0.0,1.0,0.0
FMZuse,ORACLE_UPPER_BOUND,30.0,1500,50,50,0,0,0,30.71136659504789,2.7044577829320224,0.7496374515956358,1.0,-8.68584620991974e-05,0.0,0.0,1.0,0.0
FMZuse,ORACLE_UPPER_BOUND,30.0,2500,50,50,0,0,0,33.06989359409142,0.3652479703424318,0.10124157212435254,1.0,-8.68584620963044e-05,0.0,0.0,1.0,0.0
FMZuse,ORACLE_UPPER_BOUND,30.0,3500,50,50,0,0,0,33.08563798394527,0.3648899635903429,0.10114233771552442,1.0,-8.68584620991974e-05,0.0,0.0,1.0,0.0
FMZuse,ORACLE_UPPER_BOUND,30.0,4000,50,50,0,0,0,33.08163749133925,0.3578214361820022,0.09918304187945566,1.0,-8.68584620991974e-05,0.0,0.0,1.0,0.0
NoJammer,FROZEN_REJECTION_CONFIRMATION,0.0,1000,50,50,0,0,0,4.699531444049473,0.19731055194209157,0.05469169467694208,1.0,-8.68588530327097e-06,0.0,0.0,0.9781934576644147,0.0
NoJammer,FROZEN_REJECTION_CONFIRMATION,0.0,1500,50,50,0,0,0,4.7273756373473415,0.20704084289468166,0.05738879372541594,1.0,-8.685885305199628e-06,0.0,0.0,0.9783697525552454,0.0
NoJammer,FROZEN_REJECTION_CONFIRMATION,0.0,2500,50,50,0,0,0,4.713667868686098,0.20381696681532221,0.05649518086754724,1.0,-8.685885305199628e-06,0.0,0.0,0.9783777562617766,0.0
NoJammer,FROZEN_REJECTION_CONFIRMATION,0.0,3500,50,50,0,0,0,4.74178463747426,0.19674694198009599,0.0545354699659221,1.0,-8.685885305199628e-06,0.0,0.0,0.9783144913951055,0.0
NoJammer,FROZEN_REJECTION_CONFIRMATION,0.0,4000,50,50,0,0,0,4.68284166025834,0.2017904140069363,0.05593344908811625,1.0,-8.685885306163955e-06,0.0,0.0,0.9784250510429672,0.0
NoJammer,FROZEN_REJECTION_CONFIRMATION,10.0,1000,50,50,0,0,0,4.699531444049473,0.19731055194209157,0.05469169467694208,1.0,-8.68588530327097e-06,0.0,0.0,0.9781934576644147,0.0
NoJammer,FROZEN_REJECTION_CONFIRMATION,10.0,1500,50,50,0,0,0,4.7273756373473415,0.20704084289468166,0.05738879372541594,1.0,-8.685885305199628e-06,0.0,0.0,0.9783697525552454,0.0
NoJammer,FROZEN_REJECTION_CONFIRMATION,10.0,2500,50,50,0,0,0,4.713667868686098,0.20381696681532221,0.05649518086754724,1.0,-8.685885305199628e-06,0.0,0.0,0.9783777562617766,0.0
NoJammer,FROZEN_REJECTION_CONFIRMATION,10.0,3500,50,50,0,0,0,4.74178463747426,0.19674694198009599,0.0545354699659221,1.0,-8.685885305199628e-06,0.0,0.0,0.9783144913951055,0.0
NoJammer,FROZEN_REJECTION_CONFIRMATION,10.0,4000,50,50,0,0,0,4.68284166025834,0.2017904140069363,0.05593344908811625,1.0,-8.685885306163955e-06,0.0,0.0,0.9784250510429672,0.0
NoJammer,FROZEN_REJECTION_CONFIRMATION,20.0,1000,50,50,0,0,0,4.699531444049473,0.19731055194209157,0.05469169467694208,1.0,-8.68588530327097e-06,0.0,0.0,0.9781934576644147,0.0
NoJammer,FROZEN_REJECTION_CONFIRMATION,20.0,1500,50,50,0,0,0,4.7273756373473415,0.20704084289468166,0.05738879372541594,1.0,-8.685885305199628e-06,0.0,0.0,0.9783697525552454,0.0
NoJammer,FROZEN_REJECTION_CONFIRMATION,20.0,2500,50,50,0,0,0,4.713667868686098,0.20381696681532221,0.05649518086754724,1.0,-8.685885305199628e-06,0.0,0.0,0.9783777562617766,0.0
NoJammer,FROZEN_REJECTION_CONFIRMATION,20.0,3500,50,50,0,0,0,4.74178463747426,0.19674694198009599,0.0545354699659221,1.0,-8.685885305199628e-06,0.0,0.0,0.9783144913951055,0.0
NoJammer,FROZEN_REJECTION_CONFIRMATION,20.0,4000,50,50,0,0,0,4.68284166025834,0.2017904140069363,0.05593344908811625,1.0,-8.685885306163955e-06,0.0,0.0,0.9784250510429672,0.0
NoJammer,FROZEN_REJECTION_CONFIRMATION,30.0,1000,50,50,0,0,0,4.699531444049473,0.19731055194209157,0.05469169467694208,1.0,-8.68588530327097e-06,0.0,0.0,0.9781934576644147,0.0
NoJammer,FROZEN_REJECTION_CONFIRMATION,30.0,1500,50,50,0,0,0,4.7273756373473415,0.20704084289468166,0.05738879372541594,1.0,-8.685885305199628e-06,0.0,0.0,0.9783697525552454,0.0
NoJammer,FROZEN_REJECTION_CONFIRMATION,30.0,2500,50,50,0,0,0,4.713667868686098,0.20381696681532221,0.05649518086754724,1.0,-8.685885305199628e-06,0.0,0.0,0.9783777562617766,0.0
NoJammer,FROZEN_REJECTION_CONFIRMATION,30.0,3500,50,50,0,0,0,4.74178463747426,0.19674694198009599,0.0545354699659221,1.0,-8.685885305199628e-06,0.0,0.0,0.9783144913951055,0.0
NoJammer,FROZEN_REJECTION_CONFIRMATION,30.0,4000,50,50,0,0,0,4.68284166025834,0.2017904140069363,0.05593344908811625,1.0,-8.685885306163955e-06,0.0,0.0,0.9784250510429672,0.0
NoJammer,IDENTITY_BASELINE,0.0,1000,50,50,0,0,0,0.0,0.0,0.0,1.0,0.0,1.0,nan,1.0,0.0
NoJammer,IDENTITY_BASELINE,0.0,1500,50,50,0,0,0,0.0,0.0,0.0,1.0,0.0,1.0,nan,1.0,0.0
NoJammer,IDENTITY_BASELINE,0.0,2500,50,50,0,0,0,0.0,0.0,0.0,1.0,0.0,1.0,nan,1.0,0.0
NoJammer,IDENTITY_BASELINE,0.0,3500,50,50,0,0,0,0.0,0.0,0.0,1.0,0.0,1.0,nan,1.0,0.0
NoJammer,IDENTITY_BASELINE,0.0,4000,50,50,0,0,0,0.0,0.0,0.0,1.0,0.0,1.0,nan,1.0,0.0
NoJammer,IDENTITY_BASELINE,10.0,1000,50,50,0,0,0,0.0,0.0,0.0,1.0,0.0,1.0,nan,1.0,0.0
NoJammer,IDENTITY_BASELINE,10.0,1500,50,50,0,0,0,0.0,0.0,0.0,1.0,0.0,1.0,nan,1.0,0.0
NoJammer,IDENTITY_BASELINE,10.0,2500,50,50,0,0,0,0.0,0.0,0.0,1.0,0.0,1.0,nan,1.0,0.0
NoJammer,IDENTITY_BASELINE,10.0,3500,50,50,0,0,0,0.0,0.0,0.0,1.0,0.0,1.0,nan,1.0,0.0
NoJammer,IDENTITY_BASELINE,10.0,4000,50,50,0,0,0,0.0,0.0,0.0,1.0,0.0,1.0,nan,1.0,0.0
NoJammer,IDENTITY_BASELINE,20.0,1000,50,50,0,0,0,0.0,0.0,0.0,1.0,0.0,1.0,nan,1.0,0.0
NoJammer,IDENTITY_BASELINE,20.0,1500,50,50,0,0,0,0.0,0.0,0.0,1.0,0.0,1.0,nan,1.0,0.0
NoJammer,IDENTITY_BASELINE,20.0,2500,50,50,0,0,0,0.0,0.0,0.0,1.0,0.0,1.0,nan,1.0,0.0
NoJammer,IDENTITY_BASELINE,20.0,3500,50,50,0,0,0,0.0,0.0,0.0,1.0,0.0,1.0,nan,1.0,0.0
NoJammer,IDENTITY_BASELINE,20.0,4000,50,50,0,0,0,0.0,0.0,0.0,1.0,0.0,1.0,nan,1.0,0.0
NoJammer,IDENTITY_BASELINE,30.0,1000,50,50,0,0,0,0.0,0.0,0.0,1.0,0.0,1.0,nan,1.0,0.0
NoJammer,IDENTITY_BASELINE,30.0,1500,50,50,0,0,0,0.0,0.0,0.0,1.0,0.0,1.0,nan,1.0,0.0
NoJammer,IDENTITY_BASELINE,30.0,2500,50,50,0,0,0,0.0,0.0,0.0,1.0,0.0,1.0,nan,1.0,0.0
NoJammer,IDENTITY_BASELINE,30.0,3500,50,50,0,0,0,0.0,0.0,0.0,1.0,0.0,1.0,nan,1.0,0.0
NoJammer,IDENTITY_BASELINE,30.0,4000,50,50,0,0,0,0.0,0.0,0.0,1.0,0.0,1.0,nan,1.0,0.0
NoJammer,ORACLE_UPPER_BOUND,0.0,1000,50,50,0,0,0,4.699531444049473,0.19731055194209163,0.05469169467694209,1.0,-8.685846209437572e-05,0.0,0.0,1.0,0.0
NoJammer,ORACLE_UPPER_BOUND,0.0,1500,50,50,0,0,0,4.7273756373473415,0.2070408428946817,0.05738879372541595,1.0,-8.68584620991974e-05,0.0,0.0,1.0,0.0
NoJammer,ORACLE_UPPER_BOUND,0.0,2500,50,50,0,0,0,4.713667868686098,0.20381696681532221,0.05649518086754724,1.0,-8.68584620963044e-05,0.0,0.0,1.0,0.0
NoJammer,ORACLE_UPPER_BOUND,0.0,3500,50,50,0,0,0,4.74178463747426,0.19674694198009599,0.0545354699659221,1.0,-8.68584620991974e-05,0.0,0.0,1.0,0.0
NoJammer,ORACLE_UPPER_BOUND,0.0,4000,50,50,0,0,0,4.68284166025834,0.20179041400693631,0.055933449088116254,1.0,-8.68584620991974e-05,0.0,0.0,1.0,0.0
NoJammer,ORACLE_UPPER_BOUND,10.0,1000,50,50,0,0,0,4.699531444049473,0.19731055194209163,0.05469169467694209,1.0,-8.685846209437572e-05,0.0,0.0,1.0,0.0
NoJammer,ORACLE_UPPER_BOUND,10.0,1500,50,50,0,0,0,4.7273756373473415,0.2070408428946817,0.05738879372541595,1.0,-8.68584620991974e-05,0.0,0.0,1.0,0.0
NoJammer,ORACLE_UPPER_BOUND,10.0,2500,50,50,0,0,0,4.713667868686098,0.20381696681532221,0.05649518086754724,1.0,-8.68584620963044e-05,0.0,0.0,1.0,0.0
NoJammer,ORACLE_UPPER_BOUND,10.0,3500,50,50,0,0,0,4.74178463747426,0.19674694198009599,0.0545354699659221,1.0,-8.68584620991974e-05,0.0,0.0,1.0,0.0
NoJammer,ORACLE_UPPER_BOUND,10.0,4000,50,50,0,0,0,4.68284166025834,0.20179041400693631,0.055933449088116254,1.0,-8.68584620991974e-05,0.0,0.0,1.0,0.0
NoJammer,ORACLE_UPPER_BOUND,20.0,1000,50,50,0,0,0,4.699531444049473,0.19731055194209163,0.05469169467694209,1.0,-8.685846209437572e-05,0.0,0.0,1.0,0.0
NoJammer,ORACLE_UPPER_BOUND,20.0,1500,50,50,0,0,0,4.7273756373473415,0.2070408428946817,0.05738879372541595,1.0,-8.68584620991974e-05,0.0,0.0,1.0,0.0
NoJammer,ORACLE_UPPER_BOUND,20.0,2500,50,50,0,0,0,4.713667868686098,0.20381696681532221,0.05649518086754724,1.0,-8.68584620963044e-05,0.0,0.0,1.0,0.0
NoJammer,ORACLE_UPPER_BOUND,20.0,3500,50,50,0,0,0,4.74178463747426,0.19674694198009599,0.0545354699659221,1.0,-8.68584620991974e-05,0.0,0.0,1.0,0.0
NoJammer,ORACLE_UPPER_BOUND,20.0,4000,50,50,0,0,0,4.68284166025834,0.20179041400693631,0.055933449088116254,1.0,-8.68584620991974e-05,0.0,0.0,1.0,0.0
NoJammer,ORACLE_UPPER_BOUND,30.0,1000,50,50,0,0,0,4.699531444049473,0.19731055194209163,0.05469169467694209,1.0,-8.685846209437572e-05,0.0,0.0,1.0,0.0
NoJammer,ORACLE_UPPER_BOUND,30.0,1500,50,50,0,0,0,4.7273756373473415,0.2070408428946817,0.05738879372541595,1.0,-8.68584620991974e-05,0.0,0.0,1.0,0.0
NoJammer,ORACLE_UPPER_BOUND,30.0,2500,50,50,0,0,0,4.713667868686098,0.20381696681532221,0.05649518086754724,1.0,-8.68584620963044e-05,0.0,0.0,1.0,0.0
NoJammer,ORACLE_UPPER_BOUND,30.0,3500,50,50,0,0,0,4.74178463747426,0.19674694198009599,0.0545354699659221,1.0,-8.68584620991974e-05,0.0,0.0,1.0,0.0
NoJammer,ORACLE_UPPER_BOUND,30.0,4000,50,50,0,0,0,4.68284166025834,0.20179041400693631,0.055933449088116254,1.0,-8.68584620991974e-05,0.0,0.0,1.0,0.0
NoiseConvolutionJamming,FROZEN_REJECTION_CONFIRMATION,0.0,1000,50,50,0,0,0,13.271225814196027,0.6727124500859463,0.18646637781580067,1.0,-8.68588530327097e-06,0.0,0.16,0.921322336152972,0.0
NoiseConvolutionJamming,FROZEN_REJECTION_CONFIRMATION,0.0,1500,50,50,0,0,0,13.292555102548693,0.6773058803589255,0.18773961172821368,1.0,-8.685885305199628e-06,0.0,0.14,0.9195578127408619,0.0
NoiseConvolutionJamming,FROZEN_REJECTION_CONFIRMATION,0.0,2500,50,50,0,0,0,13.2772223882349,0.6691363988955332,0.18547514699752907,1.0,-8.685885305199628e-06,0.0,0.14,0.9202421344741052,0.0
NoiseConvolutionJamming,FROZEN_REJECTION_CONFIRMATION,0.0,3500,50,50,0,0,0,13.299897976839304,0.6804789929654653,0.1886191536693024,1.0,-8.685885305199628e-06,0.0,0.12,0.9203222856501596,0.0
NoiseConvolutionJamming,FROZEN_REJECTION_CONFIRMATION,0.0,4000,50,50,0,0,0,13.271749889752533,0.6485644122342039,0.17977288321941262,1.0,-8.685885306163955e-06,0.0,0.14,0.9203785834832342,0.0
NoiseConvolutionJamming,FROZEN_REJECTION_CONFIRMATION,10.0,1000,50,50,0,0,0,8.811087582764282,10.491155985642486,2.9080000756539865,0.58,-8.68588530327097e-06,0.58,0.8095238095238095,0.3470803024000865,0.0
NoiseConvolutionJamming,FROZEN_REJECTION_CONFIRMATION,10.0,1500,50,50,0,0,0,8.419907589654583,10.45459848518287,2.8978668535145227,0.56,-8.685885305199628e-06,0.6,0.85,0.33046465056534885,0.0
NoiseConvolutionJamming,FROZEN_REJECTION_CONFIRMATION,10.0,2500,50,50,0,0,0,7.948177675251991,10.286010497387839,2.8511366474311095,0.52,-8.685885305199628e-06,0.62,0.7894736842105263,0.3145212972428504,0.0
NoiseConvolutionJamming,FROZEN_REJECTION_CONFIRMATION,10.0,3500,50,50,0,0,0,7.948156320694103,10.286633935079655,2.8513094555427654,0.52,-8.685885305199628e-06,0.62,0.7894736842105263,0.31457722678018774,0.0
NoiseConvolutionJamming,FROZEN_REJECTION_CONFIRMATION,10.0,4000,50,50,0,0,0,7.942531957069632,10.277944022135557,2.8489007345654542,0.52,-8.685885306163955e-06,0.62,0.7894736842105263,0.31443380933307397,0.0
NoiseConvolutionJamming,FROZEN_REJECTION_CONFIRMATION,20.0,1000,50,50,0,0,0,0.0,0.0,0.0,0.0,-8.68588530327097e-06,1.0,nan,0.0,0.0
NoiseConvolutionJamming,FROZEN_REJECTION_CONFIRMATION,20.0,1500,50,50,0,0,0,0.0,0.0,0.0,0.0,-8.685885305199628e-06,1.0,nan,0.0,0.0
NoiseConvolutionJamming,FROZEN_REJECTION_CONFIRMATION,20.0,2500,50,50,0,0,0,0.0,0.0,0.0,0.0,-8.685885305199628e-06,1.0,nan,0.0,0.0
NoiseConvolutionJamming,FROZEN_REJECTION_CONFIRMATION,20.0,3500,50,50,0,0,0,0.0,0.0,0.0,0.0,-8.685885305199628e-06,1.0,nan,0.0,0.0
NoiseConvolutionJamming,FROZEN_REJECTION_CONFIRMATION,20.0,4000,50,50,0,0,0,0.0,0.0,0.0,0.0,-8.685885306163955e-06,1.0,nan,0.0,0.0
NoiseConvolutionJamming,FROZEN_REJECTION_CONFIRMATION,30.0,1000,50,50,0,0,0,0.0,0.0,0.0,0.0,-8.68588530327097e-06,1.0,nan,0.0,0.0
NoiseConvolutionJamming,FROZEN_REJECTION_CONFIRMATION,30.0,1500,50,50,0,0,0,0.0,0.0,0.0,0.0,-8.685885305199628e-06,1.0,nan,0.0,0.0
NoiseConvolutionJamming,FROZEN_REJECTION_CONFIRMATION,30.0,2500,50,50,0,0,0,0.0,0.0,0.0,0.0,-8.685885305199628e-06,1.0,nan,0.0,0.0
NoiseConvolutionJamming,FROZEN_REJECTION_CONFIRMATION,30.0,3500,50,50,0,0,0,0.0,0.0,0.0,0.0,-8.685885305199628e-06,1.0,nan,0.0,0.0
NoiseConvolutionJamming,FROZEN_REJECTION_CONFIRMATION,30.0,4000,50,50,0,0,0,0.0,0.0,0.0,0.0,-8.685885306163955e-06,1.0,nan,0.0,0.0
NoiseConvolutionJamming,IDENTITY_BASELINE,0.0,1000,50,50,0,0,0,0.0,0.0,0.0,1.0,0.0,1.0,nan,1.0,0.0
NoiseConvolutionJamming,IDENTITY_BASELINE,0.0,1500,50,50,0,0,0,0.0,0.0,0.0,1.0,0.0,1.0,nan,1.0,0.0
NoiseConvolutionJamming,IDENTITY_BASELINE,0.0,2500,50,50,0,0,0,0.0,0.0,0.0,1.0,0.0,1.0,nan,1.0,0.0
NoiseConvolutionJamming,IDENTITY_BASELINE,0.0,3500,50,50,0,0,0,0.0,0.0,0.0,1.0,0.0,1.0,nan,1.0,0.0
NoiseConvolutionJamming,IDENTITY_BASELINE,0.0,4000,50,50,0,0,0,0.0,0.0,0.0,1.0,0.0,1.0,nan,1.0,0.0
NoiseConvolutionJamming,IDENTITY_BASELINE,10.0,1000,50,50,0,0,0,0.0,0.0,0.0,0.34,0.0,1.0,nan,1.0,0.0
NoiseConvolutionJamming,IDENTITY_BASELINE,10.0,1500,50,50,0,0,0,0.0,0.0,0.0,0.3,0.0,1.0,nan,1.0,0.0
NoiseConvolutionJamming,IDENTITY_BASELINE,10.0,2500,50,50,0,0,0,0.0,0.0,0.0,0.3,0.0,1.0,nan,1.0,0.0
NoiseConvolutionJamming,IDENTITY_BASELINE,10.0,3500,50,50,0,0,0,0.0,0.0,0.0,0.3,0.0,1.0,nan,1.0,0.0
NoiseConvolutionJamming,IDENTITY_BASELINE,10.0,4000,50,50,0,0,0,0.0,0.0,0.0,0.3,0.0,1.0,nan,1.0,0.0
NoiseConvolutionJamming,IDENTITY_BASELINE,20.0,1000,50,50,0,0,0,0.0,0.0,0.0,0.0,0.0,1.0,nan,1.0,0.0
NoiseConvolutionJamming,IDENTITY_BASELINE,20.0,1500,50,50,0,0,0,0.0,0.0,0.0,0.0,0.0,1.0,nan,1.0,0.0
NoiseConvolutionJamming,IDENTITY_BASELINE,20.0,2500,50,50,0,0,0,0.0,0.0,0.0,0.0,0.0,1.0,nan,1.0,0.0
NoiseConvolutionJamming,IDENTITY_BASELINE,20.0,3500,50,50,0,0,0,0.0,0.0,0.0,0.0,0.0,1.0,nan,1.0,0.0
NoiseConvolutionJamming,IDENTITY_BASELINE,20.0,4000,50,50,0,0,0,0.0,0.0,0.0,0.0,0.0,1.0,nan,1.0,0.0
NoiseConvolutionJamming,IDENTITY_BASELINE,30.0,1000,50,50,0,0,0,0.0,0.0,0.0,0.0,0.0,1.0,nan,1.0,0.0
NoiseConvolutionJamming,IDENTITY_BASELINE,30.0,1500,50,50,0,0,0,0.0,0.0,0.0,0.0,0.0,1.0,nan,1.0,0.0
NoiseConvolutionJamming,IDENTITY_BASELINE,30.0,2500,50,50,0,0,0,0.0,0.0,0.0,0.0,0.0,1.0,nan,1.0,0.0
NoiseConvolutionJamming,IDENTITY_BASELINE,30.0,3500,50,50,0,0,0,0.0,0.0,0.0,0.0,0.0,1.0,nan,1.0,0.0
NoiseConvolutionJamming,IDENTITY_BASELINE,30.0,4000,50,50,0,0,0,0.0,0.0,0.0,0.0,0.0,1.0,nan,1.0,0.0
NoiseConvolutionJamming,ORACLE_UPPER_BOUND,0.0,1000,50,50,0,0,0,13.270785016209327,0.6725100644345737,0.18641027937533253,1.0,-8.685846209437572e-05,0.0,0.0,1.0,0.0
NoiseConvolutionJamming,ORACLE_UPPER_BOUND,0.0,1500,50,50,0,0,0,13.29216940431033,0.6771243215549795,0.1876892861953236,1.0,-8.68584620991974e-05,0.0,0.0,1.0,0.0
NoiseConvolutionJamming,ORACLE_UPPER_BOUND,0.0,2500,50,50,0,0,0,13.276836689996536,0.6689749962447404,0.18543040846524922,1.0,-8.68584620963044e-05,0.0,0.0,1.0,0.0
NoiseConvolutionJamming,ORACLE_UPPER_BOUND,0.0,3500,50,50,0,0,0,13.299567378349282,0.6803564189868545,0.18858517789584509,1.0,-8.68584620991974e-05,0.0,0.0,1.0,0.0
NoiseConvolutionJamming,ORACLE_UPPER_BOUND,0.0,4000,50,50,0,0,0,13.271363464913163,0.6483950187749844,0.17972592974804114,1.0,-8.68584620991974e-05,0.0,0.0,1.0,0.0
NoiseConvolutionJamming,ORACLE_UPPER_BOUND,10.0,1000,50,50,0,0,0,22.38677135873287,1.824050723805134,0.5056010653240894,1.0,-8.685846209437572e-05,0.0,0.0,1.0,0.0
NoiseConvolutionJamming,ORACLE_UPPER_BOUND,10.0,1500,50,50,0,0,0,22.415115396745286,1.8387407445710036,0.5096729313374219,1.0,-8.68584620991974e-05,0.0,0.0,1.0,0.0
NoiseConvolutionJamming,ORACLE_UPPER_BOUND,10.0,2500,50,50,0,0,0,22.406138212960222,1.8286477215400345,0.5068752880864968,1.0,-8.68584620963044e-05,0.0,0.0,1.0,0.0
NoiseConvolutionJamming,ORACLE_UPPER_BOUND,10.0,3500,50,50,0,0,0,22.416624528739053,1.8228925266787892,0.5052800294596297,1.0,-8.68584620991974e-05,0.0,0.0,1.0,0.0
NoiseConvolutionJamming,ORACLE_UPPER_BOUND,10.0,4000,50,50,0,0,0,22.408111641993933,1.8204900032467703,0.5046140839402196,1.0,-8.68584620991974e-05,0.0,0.0,1.0,0.0
NoiseConvolutionJamming,ORACLE_UPPER_BOUND,20.0,1000,50,50,0,0,0,28.93987601034665,2.7686110768756618,0.7674198374353722,1.0,-8.685846209437572e-05,0.0,0.0,1.0,0.0
NoiseConvolutionJamming,ORACLE_UPPER_BOUND,20.0,1500,50,50,0,0,0,28.960960207229792,2.7790449117009817,0.7703119488960078,1.0,-8.68584620991974e-05,0.0,0.0,1.0,0.0
NoiseConvolutionJamming,ORACLE_UPPER_BOUND,20.0,2500,50,50,0,0,0,28.95838124792908,2.7644439031000005,0.7662647557959924,1.0,-8.68584620963044e-05,0.0,0.0,1.0,0.0
NoiseConvolutionJamming,ORACLE_UPPER_BOUND,20.0,3500,50,50,0,0,0,28.972496533511244,2.7801891631862525,0.770629119225978,1.0,-8.68584620991974e-05,0.0,0.0,1.0,0.0
NoiseConvolutionJamming,ORACLE_UPPER_BOUND,20.0,4000,50,50,0,0,0,28.966260661888658,2.771912813398194,0.7683350321070037,1.0,-8.68584620991974e-05,0.0,0.0,1.0,0.0
NoiseConvolutionJamming,ORACLE_UPPER_BOUND,30.0,1000,50,50,0,0,0,30.89207667799157,3.2609881920565873,0.9038998106772093,1.0,-8.685846209437572e-05,0.0,0.0,1.0,0.0
NoiseConvolutionJamming,ORACLE_UPPER_BOUND,30.0,1500,50,50,0,0,0,30.905859967894134,3.2526861790225325,0.9015986100693685,1.0,-8.68584620991974e-05,0.0,0.0,1.0,0.0
NoiseConvolutionJamming,ORACLE_UPPER_BOUND,30.0,2500,50,50,0,0,0,30.908707464417716,3.2534047659554246,0.9017977922050715,1.0,-8.68584620963044e-05,0.0,0.0,1.0,0.0
NoiseConvolutionJamming,ORACLE_UPPER_BOUND,30.0,3500,50,50,0,0,0,30.909388643991633,3.2566032189651075,0.9026843581475533,1.0,-8.68584620991974e-05,0.0,0.0,1.0,0.0
NoiseConvolutionJamming,ORACLE_UPPER_BOUND,30.0,4000,50,50,0,0,0,30.907811010845048,3.2502898817111414,0.900934390342548,1.0,-8.68584620991974e-05,0.0,0.0,1.0,0.0
NoiseProductJamming,FROZEN_REJECTION_CONFIRMATION,0.0,1000,50,50,0,0,0,12.195718110838747,0.7488312646713169,0.2075654367637259,1.0,-8.68588530327097e-06,0.0,0.2,0.9374606540372021,0.0
NoiseProductJamming,FROZEN_REJECTION_CONFIRMATION,0.0,1500,50,50,0,0,0,12.199721853623705,0.7313835026035861,0.2027291638608741,1.0,-8.685885305199628e-06,0.0,0.18,0.9377868706977385,0.0
NoiseProductJamming,FROZEN_REJECTION_CONFIRMATION,0.0,2500,50,50,0,0,0,12.20080932768496,0.7191186540206849,0.19932952128042145,1.0,-8.685885305199628e-06,0.0,0.22,0.9377458291863792,0.0
NoiseProductJamming,FROZEN_REJECTION_CONFIRMATION,0.0,3500,50,50,0,0,0,12.214075376339485,0.7339905628350658,0.20345180408858143,1.0,-8.685885305199628e-06,0.0,0.2,0.9381155352503864,0.0
NoiseProductJamming,FROZEN_REJECTION_CONFIRMATION,0.0,4000,50,50,0,0,0,12.16957497543779,0.722182459163238,0.20017876473829457,1.0,-8.685885306163955e-06,0.0,0.16,0.9381882835876298,0.0
NoiseProductJamming,FROZEN_REJECTION_CONFIRMATION,10.0,1000,50,50,0,0,0,14.883239752238241,9.478708787056249,2.6273640300062353,0.72,-8.68588530327097e-06,0.28,1.1388888888888888,0.6028131511980653,0.0
NoiseProductJamming,FROZEN_REJECTION_CONFIRMATION,10.0,1500,50,50,0,0,0,15.355265082950835,9.305922337597092,2.5794700697232265,0.74,-8.685885305199628e-06,0.26,1.054054054054054,0.6187747014946523,0.0
NoiseProductJamming,FROZEN_REJECTION_CONFIRMATION,10.0,2500,50,50,0,0,0,15.359160015893897,9.308051202121954,2.5800601608635954,0.74,-8.685885305199628e-06,0.26,1.0810810810810811,0.6186646926516652,0.0
NoiseProductJamming,FROZEN_REJECTION_CONFIRMATION,10.0,3500,50,50,0,0,0,15.352333904405734,9.302120140303318,2.5784161544032105,0.74,-8.685885305199628e-06,0.26,1.135135135135135,0.6187919261606044,0.0
NoiseProductJamming,FROZEN_REJECTION_CONFIRMATION,10.0,4000,50,50,0,0,0,15.333362235368698,9.288750556971804,2.5747102949733525,0.74,-8.685885306163955e-06,0.26,1.135135135135135,0.6192697389693423,0.0
NoiseProductJamming,FROZEN_REJECTION_CONFIRMATION,20.0,1000,50,50,0,0,0,0.0,0.0,0.0,0.0,-8.68588530327097e-06,1.0,nan,0.0,0.0
NoiseProductJamming,FROZEN_REJECTION_CONFIRMATION,20.0,1500,50,50,0,0,0,0.0,0.0,0.0,0.0,-8.685885305199628e-06,1.0,nan,0.0,0.0
NoiseProductJamming,FROZEN_REJECTION_CONFIRMATION,20.0,2500,50,50,0,0,0,0.0,0.0,0.0,0.0,-8.685885305199628e-06,1.0,nan,0.0,0.0
NoiseProductJamming,FROZEN_REJECTION_CONFIRMATION,20.0,3500,50,50,0,0,0,0.0,0.0,0.0,0.0,-8.685885305199628e-06,1.0,nan,0.0,0.0
NoiseProductJamming,FROZEN_REJECTION_CONFIRMATION,20.0,4000,50,50,0,0,0,0.0,0.0,0.0,0.0,-8.685885306163955e-06,1.0,nan,0.0,0.0
NoiseProductJamming,FROZEN_REJECTION_CONFIRMATION,30.0,1000,50,50,0,0,0,0.0,0.0,0.0,0.0,-8.68588530327097e-06,1.0,nan,0.0,0.0
NoiseProductJamming,FROZEN_REJECTION_CONFIRMATION,30.0,1500,50,50,0,0,0,0.0,0.0,0.0,0.0,-8.685885305199628e-06,1.0,nan,0.0,0.0
NoiseProductJamming,FROZEN_REJECTION_CONFIRMATION,30.0,2500,50,50,0,0,0,0.0,0.0,0.0,0.0,-8.685885305199628e-06,1.0,nan,0.0,0.0
NoiseProductJamming,FROZEN_REJECTION_CONFIRMATION,30.0,3500,50,50,0,0,0,0.0,0.0,0.0,0.0,-8.685885305199628e-06,1.0,nan,0.0,0.0
NoiseProductJamming,FROZEN_REJECTION_CONFIRMATION,30.0,4000,50,50,0,0,0,0.0,0.0,0.0,0.0,-8.685885306163955e-06,1.0,nan,0.0,0.0
NoiseProductJamming,IDENTITY_BASELINE,0.0,1000,50,50,0,0,0,0.0,0.0,0.0,1.0,0.0,1.0,nan,1.0,0.0
NoiseProductJamming,IDENTITY_BASELINE,0.0,1500,50,50,0,0,0,0.0,0.0,0.0,1.0,0.0,1.0,nan,1.0,0.0
NoiseProductJamming,IDENTITY_BASELINE,0.0,2500,50,50,0,0,0,0.0,0.0,0.0,1.0,0.0,1.0,nan,1.0,0.0
NoiseProductJamming,IDENTITY_BASELINE,0.0,3500,50,50,0,0,0,0.0,0.0,0.0,1.0,0.0,1.0,nan,1.0,0.0
NoiseProductJamming,IDENTITY_BASELINE,0.0,4000,50,50,0,0,0,0.0,0.0,0.0,1.0,0.0,1.0,nan,1.0,0.0
NoiseProductJamming,IDENTITY_BASELINE,10.0,1000,50,50,0,0,0,0.0,0.0,0.0,0.24,0.0,1.0,nan,1.0,0.0
NoiseProductJamming,IDENTITY_BASELINE,10.0,1500,50,50,0,0,0,0.0,0.0,0.0,0.24,0.0,1.0,nan,1.0,0.0
NoiseProductJamming,IDENTITY_BASELINE,10.0,2500,50,50,0,0,0,0.0,0.0,0.0,0.22,0.0,1.0,nan,1.0,0.0
NoiseProductJamming,IDENTITY_BASELINE,10.0,3500,50,50,0,0,0,0.0,0.0,0.0,0.24,0.0,1.0,nan,1.0,0.0
NoiseProductJamming,IDENTITY_BASELINE,10.0,4000,50,50,0,0,0,0.0,0.0,0.0,0.22,0.0,1.0,nan,1.0,0.0
NoiseProductJamming,IDENTITY_BASELINE,20.0,1000,50,50,0,0,0,0.0,0.0,0.0,0.0,0.0,1.0,nan,1.0,0.0
NoiseProductJamming,IDENTITY_BASELINE,20.0,1500,50,50,0,0,0,0.0,0.0,0.0,0.0,0.0,1.0,nan,1.0,0.0
NoiseProductJamming,IDENTITY_BASELINE,20.0,2500,50,50,0,0,0,0.0,0.0,0.0,0.0,0.0,1.0,nan,1.0,0.0
NoiseProductJamming,IDENTITY_BASELINE,20.0,3500,50,50,0,0,0,0.0,0.0,0.0,0.0,0.0,1.0,nan,1.0,0.0
NoiseProductJamming,IDENTITY_BASELINE,20.0,4000,50,50,0,0,0,0.0,0.0,0.0,0.0,0.0,1.0,nan,1.0,0.0
NoiseProductJamming,IDENTITY_BASELINE,30.0,1000,50,50,0,0,0,0.0,0.0,0.0,0.0,0.0,1.0,nan,1.0,0.0
NoiseProductJamming,IDENTITY_BASELINE,30.0,1500,50,50,0,0,0,0.0,0.0,0.0,0.0,0.0,1.0,nan,1.0,0.0
NoiseProductJamming,IDENTITY_BASELINE,30.0,2500,50,50,0,0,0,0.0,0.0,0.0,0.0,0.0,1.0,nan,1.0,0.0
NoiseProductJamming,IDENTITY_BASELINE,30.0,3500,50,50,0,0,0,0.0,0.0,0.0,0.0,0.0,1.0,nan,1.0,0.0
NoiseProductJamming,IDENTITY_BASELINE,30.0,4000,50,50,0,0,0,0.0,0.0,0.0,0.0,0.0,1.0,nan,1.0,0.0
NoiseProductJamming,ORACLE_UPPER_BOUND,0.0,1000,50,50,0,0,0,12.195167113355375,0.7489633181858136,0.20760204013047334,1.0,-8.685846209437572e-05,0.0,0.0,1.0,0.0
NoiseProductJamming,ORACLE_UPPER_BOUND,0.0,1500,50,50,0,0,0,12.19922595588867,0.7313862972148318,0.2027299384875907,1.0,-8.68584620991974e-05,0.0,0.0,1.0,0.0
NoiseProductJamming,ORACLE_UPPER_BOUND,0.0,2500,50,50,0,0,0,12.200203230453248,0.7191910402315561,0.19934958571440542,1.0,-8.68584620963044e-05,0.0,0.0,1.0,0.0
NoiseProductJamming,ORACLE_UPPER_BOUND,0.0,3500,50,50,0,0,0,12.213524378856109,0.7339547415435903,0.20344187493316107,1.0,-8.68584620991974e-05,0.0,0.0,1.0,0.0
NoiseProductJamming,ORACLE_UPPER_BOUND,0.0,4000,50,50,0,0,0,12.169132905899325,0.7222643688921954,0.20020146895681262,1.0,-8.68584620991974e-05,0.0,0.0,1.0,0.0
NoiseProductJamming,ORACLE_UPPER_BOUND,10.0,1000,50,50,0,0,0,21.510291600924944,2.0478373575773157,0.5676315554655437,1.0,-8.685846209437572e-05,0.0,0.0,1.0,0.0
NoiseProductJamming,ORACLE_UPPER_BOUND,10.0,1500,50,50,0,0,0,21.514132762861845,2.0347585386278872,0.5640062918104753,1.0,-8.68584620991974e-05,0.0,0.0,1.0,0.0
NoiseProductJamming,ORACLE_UPPER_BOUND,10.0,2500,50,50,0,0,0,21.510992566511536,2.029618197596066,0.5625814619700001,1.0,-8.68584620963044e-05,0.0,0.0,1.0,0.0
NoiseProductJamming,ORACLE_UPPER_BOUND,10.0,3500,50,50,0,0,0,21.525797824728166,2.0410528597870456,0.5657509886229213,1.0,-8.68584620991974e-05,0.0,0.0,1.0,0.0
NoiseProductJamming,ORACLE_UPPER_BOUND,10.0,4000,50,50,0,0,0,21.500646132803123,2.026307771124777,0.5616638585674647,1.0,-8.68584620991974e-05,0.0,0.0,1.0,0.0
NoiseProductJamming,ORACLE_UPPER_BOUND,20.0,1000,50,50,0,0,0,28.19613945413847,3.056947258506208,0.8473425493979914,1.0,-8.685846209437572e-05,0.0,0.0,1.0,0.0
NoiseProductJamming,ORACLE_UPPER_BOUND,20.0,1500,50,50,0,0,0,28.20655443100277,3.064150241613624,0.8493391144524015,1.0,-8.68584620991974e-05,0.0,0.0,1.0,0.0
NoiseProductJamming,ORACLE_UPPER_BOUND,20.0,2500,50,50,0,0,0,28.19614799992503,3.0427041757617594,0.8433945682836999,1.0,-8.68584620963044e-05,0.0,0.0,1.0,0.0
NoiseProductJamming,ORACLE_UPPER_BOUND,20.0,3500,50,50,0,0,0,28.206553199837284,3.055786137631614,0.8470207031118637,1.0,-8.68584620991974e-05,0.0,0.0,1.0,0.0
NoiseProductJamming,ORACLE_UPPER_BOUND,20.0,4000,50,50,0,0,0,28.19320262163004,3.0511402819950133,0.8457329376300425,1.0,-8.68584620991974e-05,0.0,0.0,1.0,0.0
NoiseProductJamming,ORACLE_UPPER_BOUND,30.0,1000,50,50,0,0,0,29.950834500153395,3.200736495203522,0.8871988923754722,1.0,-8.685846209437572e-05,0.0,0.0,1.0,0.0
NoiseProductJamming,ORACLE_UPPER_BOUND,30.0,1500,50,50,0,0,0,29.95304317297856,3.201178814548753,0.8873214970427895,1.0,-8.68584620991974e-05,0.0,0.0,1.0,0.0
NoiseProductJamming,ORACLE_UPPER_BOUND,30.0,2500,50,50,0,0,0,29.955799678993163,3.204957223628669,0.8883688186063317,1.0,-8.68584620963044e-05,0.0,0.0,1.0,0.0
NoiseProductJamming,ORACLE_UPPER_BOUND,30.0,3500,50,50,0,0,0,29.954578553981413,3.1987731072204286,0.8866546689923495,1.0,-8.68584620991974e-05,0.0,0.0,1.0,0.0
NoiseProductJamming,ORACLE_UPPER_BOUND,30.0,4000,50,50,0,0,0,29.951247645763736,3.198277828846467,0.8865173848312026,1.0,-8.68584620991974e-05,0.0,0.0,1.0,0.0
SMSP,FROZEN_REJECTION_CONFIRMATION,0.0,1000,50,50,0,0,0,13.542079464302278,0.0764274879836843,0.021184618848748085,1.0,-8.68588530327097e-06,0.0,0.0,0.9375944362506246,0.0
SMSP,FROZEN_REJECTION_CONFIRMATION,0.0,1500,50,50,0,0,0,13.387168530204526,0.08522825778148635,0.023624067778193623,1.0,-8.685885305199628e-06,0.0,0.02,0.9172389151624865,0.0
SMSP,FROZEN_REJECTION_CONFIRMATION,0.0,2500,50,50,0,0,0,13.321319205189386,0.08319757869720867,0.023061192253438296,1.0,-8.685885305199628e-06,0.0,0.0,0.880557698778151,0.0
SMSP,FROZEN_REJECTION_CONFIRMATION,0.0,3500,50,50,0,0,0,13.344776309083628,0.07869558604913215,0.021813303557557995,1.0,-8.685885305199628e-06,0.0,0.0,0.8802630180196147,0.0
SMSP,FROZEN_REJECTION_CONFIRMATION,0.0,4000,50,50,0,0,0,13.332050085263257,0.08319218164556569,0.02305969626704675,1.0,-8.685885306163955e-06,0.0,0.0,0.8803731653193512,0.0
SMSP,FROZEN_REJECTION_CONFIRMATION,10.0,1000,50,50,0,0,0,0.0,0.0,0.0,0.0,-8.68588530327097e-06,1.0,nan,0.0,0.0
SMSP,FROZEN_REJECTION_CONFIRMATION,10.0,1500,50,50,0,0,0,0.0,0.0,0.0,1.0,-8.685885305199628e-06,1.0,nan,0.0,0.0
SMSP,FROZEN_REJECTION_CONFIRMATION,10.0,2500,50,50,0,0,0,0.0,0.0,0.0,1.0,-8.685885305199628e-06,1.0,nan,0.0,0.0
SMSP,FROZEN_REJECTION_CONFIRMATION,10.0,3500,50,50,0,0,0,0.0,0.0,0.0,1.0,-8.685885305199628e-06,1.0,nan,0.0,0.0
SMSP,FROZEN_REJECTION_CONFIRMATION,10.0,4000,50,50,0,0,0,0.0,0.0,0.0,1.0,-8.685885306163955e-06,1.0,nan,0.0,0.0
SMSP,FROZEN_REJECTION_CONFIRMATION,20.0,1000,50,50,0,0,0,0.0,0.0,0.0,0.0,-8.68588530327097e-06,1.0,nan,0.0,0.0
SMSP,FROZEN_REJECTION_CONFIRMATION,20.0,1500,50,50,0,0,0,0.0,0.0,0.0,0.0,-8.685885305199628e-06,1.0,nan,0.0,0.0
SMSP,FROZEN_REJECTION_CONFIRMATION,20.0,2500,50,50,0,0,0,0.0,0.0,0.0,1.0,-8.685885305199628e-06,1.0,nan,0.0,0.0
SMSP,FROZEN_REJECTION_CONFIRMATION,20.0,3500,50,50,0,0,0,0.0,0.0,0.0,1.0,-8.685885305199628e-06,1.0,nan,0.0,0.0
SMSP,FROZEN_REJECTION_CONFIRMATION,20.0,4000,50,50,0,0,0,0.0,0.0,0.0,1.0,-8.685885306163955e-06,1.0,nan,0.0,0.0
SMSP,FROZEN_REJECTION_CONFIRMATION,30.0,1000,50,50,0,0,0,0.0,0.0,0.0,0.0,-8.68588530327097e-06,1.0,nan,0.0,0.0
SMSP,FROZEN_REJECTION_CONFIRMATION,30.0,1500,50,50,0,0,0,0.0,0.0,0.0,0.0,-8.685885305199628e-06,1.0,nan,0.0,0.0
SMSP,FROZEN_REJECTION_CONFIRMATION,30.0,2500,50,50,0,0,0,0.0,0.0,0.0,1.0,-8.685885305199628e-06,1.0,nan,0.0,0.0
SMSP,FROZEN_REJECTION_CONFIRMATION,30.0,3500,50,50,0,0,0,0.0,0.0,0.0,1.0,-8.685885305199628e-06,1.0,nan,0.0,0.0
SMSP,FROZEN_REJECTION_CONFIRMATION,30.0,4000,50,50,0,0,0,0.0,0.0,0.0,1.0,-8.685885306163955e-06,1.0,nan,0.0,0.0
SMSP,IDENTITY_BASELINE,0.0,1000,50,50,0,0,0,0.0,0.0,0.0,1.0,0.0,1.0,nan,1.0,0.0
SMSP,IDENTITY_BASELINE,0.0,1500,50,50,0,0,0,0.0,0.0,0.0,1.0,0.0,1.0,nan,1.0,0.0
SMSP,IDENTITY_BASELINE,0.0,2500,50,50,0,0,0,0.0,0.0,0.0,1.0,0.0,1.0,nan,1.0,0.0
SMSP,IDENTITY_BASELINE,0.0,3500,50,50,0,0,0,0.0,0.0,0.0,1.0,0.0,1.0,nan,1.0,0.0
SMSP,IDENTITY_BASELINE,0.0,4000,50,50,0,0,0,0.0,0.0,0.0,1.0,0.0,1.0,nan,1.0,0.0
SMSP,IDENTITY_BASELINE,10.0,1000,50,50,0,0,0,0.0,0.0,0.0,0.0,0.0,1.0,nan,1.0,0.0
SMSP,IDENTITY_BASELINE,10.0,1500,50,50,0,0,0,0.0,0.0,0.0,1.0,0.0,1.0,nan,1.0,0.0
SMSP,IDENTITY_BASELINE,10.0,2500,50,50,0,0,0,0.0,0.0,0.0,1.0,0.0,1.0,nan,1.0,0.0
SMSP,IDENTITY_BASELINE,10.0,3500,50,50,0,0,0,0.0,0.0,0.0,1.0,0.0,1.0,nan,1.0,0.0
SMSP,IDENTITY_BASELINE,10.0,4000,50,50,0,0,0,0.0,0.0,0.0,1.0,0.0,1.0,nan,1.0,0.0
SMSP,IDENTITY_BASELINE,20.0,1000,50,50,0,0,0,0.0,0.0,0.0,0.0,0.0,1.0,nan,1.0,0.0
SMSP,IDENTITY_BASELINE,20.0,1500,50,50,0,0,0,0.0,0.0,0.0,0.0,0.0,1.0,nan,1.0,0.0
SMSP,IDENTITY_BASELINE,20.0,2500,50,50,0,0,0,0.0,0.0,0.0,1.0,0.0,1.0,nan,1.0,0.0
SMSP,IDENTITY_BASELINE,20.0,3500,50,50,0,0,0,0.0,0.0,0.0,1.0,0.0,1.0,nan,1.0,0.0
SMSP,IDENTITY_BASELINE,20.0,4000,50,50,0,0,0,0.0,0.0,0.0,1.0,0.0,1.0,nan,1.0,0.0
SMSP,IDENTITY_BASELINE,30.0,1000,50,50,0,0,0,0.0,0.0,0.0,0.0,0.0,1.0,nan,1.0,0.0
SMSP,IDENTITY_BASELINE,30.0,1500,50,50,0,0,0,0.0,0.0,0.0,0.0,0.0,1.0,nan,1.0,0.0
SMSP,IDENTITY_BASELINE,30.0,2500,50,50,0,0,0,0.0,0.0,0.0,1.0,0.0,1.0,nan,1.0,0.0
SMSP,IDENTITY_BASELINE,30.0,3500,50,50,0,0,0,0.0,0.0,0.0,1.0,0.0,1.0,nan,1.0,0.0
SMSP,IDENTITY_BASELINE,30.0,4000,50,50,0,0,0,0.0,0.0,0.0,1.0,0.0,1.0,nan,1.0,0.0
SMSP,ORACLE_UPPER_BOUND,0.0,1000,50,50,0,0,0,13.542079464302278,0.07642748798368383,0.021184618848747956,1.0,-8.685846209437572e-05,0.0,0.0,1.0,0.0
SMSP,ORACLE_UPPER_BOUND,0.0,1500,50,50,0,0,0,13.38711343045619,0.0852872004495178,0.023640405852217997,1.0,-8.68584620991974e-05,0.0,0.0,1.0,0.0
SMSP,ORACLE_UPPER_BOUND,0.0,2500,50,50,0,0,0,13.321319205189386,0.08319757869720873,0.023061192253438313,1.0,-8.68584620963044e-05,0.0,0.0,1.0,0.0
SMSP,ORACLE_UPPER_BOUND,0.0,3500,50,50,0,0,0,13.344776309083628,0.07869558604913215,0.021813303557557995,1.0,-8.68584620991974e-05,0.0,0.0,1.0,0.0
SMSP,ORACLE_UPPER_BOUND,0.0,4000,50,50,0,0,0,13.332050085263257,0.08319218164556551,0.023059696267046702,1.0,-8.68584620991974e-05,0.0,0.0,1.0,0.0
SMSP,ORACLE_UPPER_BOUND,10.0,1000,50,50,0,0,0,24.224144730310705,0.0688389582859226,0.019081185731807147,1.0,-8.685846209437572e-05,0.0,0.0,1.0,0.0
SMSP,ORACLE_UPPER_BOUND,10.0,1500,50,50,0,0,0,22.802362261733606,0.06287668259638632,0.017428527227828224,1.0,-8.68584620991974e-05,0.0,0.0,1.0,0.0
SMSP,ORACLE_UPPER_BOUND,10.0,2500,50,50,0,0,0,22.94948794128305,0.06330230701874744,0.017546504298621965,1.0,-8.68584620963044e-05,0.0,0.0,1.0,0.0
SMSP,ORACLE_UPPER_BOUND,10.0,3500,50,50,0,0,0,22.971178575249905,0.06120343213952995,0.01696472586391891,1.0,-8.68584620991974e-05,0.0,0.0,1.0,0.0
SMSP,ORACLE_UPPER_BOUND,10.0,4000,50,50,0,0,0,22.957998553167933,0.0662471257695921,0.018362766411392287,1.0,-8.68584620991974e-05,0.0,0.0,1.0,0.0
SMSP,ORACLE_UPPER_BOUND,20.0,1000,50,50,0,0,0,28.017729789596483,0.0429084696556206,0.01189362098662,1.0,-8.685846209437572e-05,0.0,0.0,1.0,0.0
SMSP,ORACLE_UPPER_BOUND,20.0,1500,50,50,0,0,0,30.677183551178633,0.04716769004556172,0.013074216645775787,1.0,-8.68584620991974e-05,0.0,0.0,1.0,0.0
SMSP,ORACLE_UPPER_BOUND,20.0,2500,50,50,0,0,0,32.91152459272467,0.05972990938218488,0.016556286193809958,1.0,-8.68584620963044e-05,0.0,0.0,1.0,0.0
SMSP,ORACLE_UPPER_BOUND,20.0,3500,50,50,0,0,0,32.932509496455566,0.059804158375254816,0.0165768669646764,1.0,-8.68584620991974e-05,0.0,0.0,1.0,0.0
SMSP,ORACLE_UPPER_BOUND,20.0,4000,50,50,0,0,0,32.91928318078246,0.06377636365450519,0.017677906094051794,1.0,-8.68584620991974e-05,0.0,0.0,1.0,0.0
SMSP,ORACLE_UPPER_BOUND,30.0,1000,50,50,0,0,0,28.012823953248247,0.01356220397639056,0.0037592511486200424,1.0,-8.685846209437572e-05,0.0,0.0,1.0,0.0
SMSP,ORACLE_UPPER_BOUND,30.0,1500,50,50,0,0,0,33.87694629981749,0.022457370988761143,0.006224865650999818,1.0,-8.68584620991974e-05,0.0,0.0,1.0,0.0
SMSP,ORACLE_UPPER_BOUND,30.0,2500,50,50,0,0,0,42.908036401818556,0.05906258119356977,0.01637131225713086,1.0,-8.68584620963044e-05,0.0,0.0,1.0,0.0
SMSP,ORACLE_UPPER_BOUND,30.0,3500,50,50,0,0,0,42.92878914843699,0.059876608351759134,0.01659694907359214,1.0,-8.68584620991974e-05,0.0,0.0,1.0,0.0
SMSP,ORACLE_UPPER_BOUND,30.0,4000,50,50,0,0,0,42.9155582977744,0.06343888960998294,0.01758436306139219,1.0,-8.68584620991974e-05,0.0,0.0,1.0,0.0
