jammer,jsr_db,mode,trials,interface_pass,target_erased_count,delta_sinr_mean_db,delta_sinr_std_db,delta_sinr_ci95_db,target_only_change_mean_db,target_only_change_min_db,detected_after_mean,peak_error_after_mean,false_peak_after_mean,normalized_output_difference_mean,filter_coefficient_difference_mean,runtime_mean_ms,memory_mean_bytes
AMNoiseGaiJam,0.0,fixed_0,100,100,60,-22.982537224097065,29.633844277941076,9.183623487014078,-50.37409188338958,-100.74809690831707,0.2,2300.0,250.24,0.800065691018382,1.1317870736236322,0.019361748127266765,400000000.0
AMNoiseGaiJam,0.0,missing,100,100,60,-22.982537224097065,29.633844277941076,9.183623487014078,-50.37409188338958,-100.74809690831707,0.2,2300.0,250.24,0.800065691018382,1.1317870736236322,0.019285427988506854,400000000.0
AMNoiseGaiJam,0.0,offset_+1,100,100,0,7.8348866391826455,0.8509361334460289,0.16678348215542166,-0.3018543450605612,-0.30359237476763723,1.0,1.0,291.77,0.18798059920421575,1.776094222931877,0.01919538772199303,400000000.0
AMNoiseGaiJam,0.0,offset_+16,100,100,0,-2.9885271709645145,0.8610278776957252,0.16876146402836215,-28.501699208166965,-28.529718531976496,0.0,16.0,291.41,0.9832286201786321,1.2971153619840419,0.01930207305122167,400000000.0
AMNoiseGaiJam,0.0,offset_+2,100,100,0,7.828795643173037,0.8503322630561753,0.16666512355901036,-1.1851414314792919,-1.1886192315169712,1.0,2.0,290.62,0.3637474088596278,1.6055776775241537,0.019314116798341274,400000000.0
AMNoiseGaiJam,0.0,offset_+32,100,100,0,-23.269876543653183,0.8658990235822762,0.16971620862212614,-60.84436354784307,-60.90086154434165,0.0,32.0,287.01,1.002070910623966,1.4186997961763188,0.019244919531047344,400000000.0
AMNoiseGaiJam,0.0,offset_+4,100,100,0,7.672459589118706,0.8491618248147623,0.16643571766369342,-4.861876158740904,-4.868838735280628,1.0,4.0,290.3,0.667493308034184,1.7946138505742095,0.019257451058365405,400000000.0
AMNoiseGaiJam,0.0,offset_+8,100,100,0,6.770598905957463,0.8506898289073407,0.16673520646583878,-24.75619952191072,-24.77015269320042,1.0,8.0,290.04,0.9850482239449403,1.3605278810864265,0.019377542776055634,400000000.0
AMNoiseGaiJam,0.0,offset_-1,100,100,0,7.8360191815525555,0.8524496528089551,0.1670801319505552,-0.24289127150652978,-0.30359237476763823,1.0,0.8,291.74,0.1504655478201328,1.4209204231429033,0.019214620115235448,400000000.0
AMNoiseGaiJam,0.0,offset_-16,100,100,0,-0.8223685363876956,3.5836815613671,0.7024015860279516,-22.823792197273615,-28.529718531976496,0.2,12.8,294.79,0.7859202255849663,1.0386805062952917,0.019298706902191043,400000000.0
AMNoiseGaiJam,0.0,offset_-2,100,100,0,7.832919166488577,0.8510195826844159,0.16679983820614552,-0.9509127569059964,-1.1886192315169712,1.0,1.6,291.19,0.2900262608978814,1.2845618062252533,0.01914040942210704,400000000.0
AMNoiseGaiJam,0.0,offset_-32,100,100,0,-17.04958097727354,11.727040354550262,2.2984999094918512,-48.72070660716574,-60.90086154434164,0.2,25.6,295.89,0.8002445314723414,1.13676863010912,0.01952162361703813,400000000.0
AMNoiseGaiJam,0.0,offset_-4,100,100,0,7.713064442578419,0.7960962773048319,0.15603487035174707,-3.8950883599169206,-4.868838735280628,1.0,3.2,291.96,0.5294696413514609,1.4358694250306088,0.019219181849621236,400000000.0
AMNoiseGaiJam,0.0,offset_-8,100,100,0,6.995733760163972,0.49390410097359466,0.09680520379082455,-19.816139526252744,-24.770152693200416,1.0,6.4,293.42,0.7795665506795639,1.0888930158707242,0.019385882769711316,400000000.0
AMNoiseGaiJam,0.0,random,100,100,64,-204.94348017417767,147.1943547406589,32.45889117025237,-93.3358810971286,-137.90359686079853,0.18,1766.3,167.72,0.9899581832959241,1.3885386605065815,0.019339952268637717,400000000.0
AMNoiseGaiJam,0.0,true,100,100,0,7.83380978985729,0.8514303909712422,0.16688035663036346,-8.685846209842596e-05,-8.685846209919741e-05,1.0,0.0,290.55,0.0,0.0,0.020980483386665583,400000000.0
AMNoiseGaiJam,10.0,fixed_0,100,100,60,-15.177112361824243,29.177837611669744,9.042305557037585,-50.37409188338958,-100.74809690831707,0.2,2300.0,251.06,0.8004629927206196,1.1317870736236322,0.019043712527491152,400000000.0
AMNoiseGaiJam,10.0,missing,100,100,60,-15.177112361824243,29.177837611669744,9.042305557037585,-50.37409188338958,-100.74809690831707,0.2,2300.0,251.06,0.8004629927206196,1.1317870736236322,0.01891041174530983,400000000.0
AMNoiseGaiJam,10.0,offset_+1,100,100,0,16.036272655534585,1.2737170031305975,0.2496485326135971,-0.3018543450605612,-0.30359237476763723,1.0,1.0,290.83,0.19141354377316983,1.776094222931877,0.018949537770822644,400000000.0
AMNoiseGaiJam,10.0,offset_+16,100,100,0,5.212858845387517,1.2837702418872463,0.25161896740990025,-28.501699208166965,-28.529718531976496,0.0,16.0,291.12,0.9937661868004629,1.2971153619840419,0.0188520789379254,400000000.0
AMNoiseGaiJam,10.0,offset_+2,100,100,0,16.030181659524978,1.2726633404183125,0.24944201472198926,-1.1851414314792919,-1.1886192315169712,1.0,2.0,291.31,0.3711234807113757,1.6055776775241537,0.01878119830507785,400000000.0
AMNoiseGaiJam,10.0,offset_+32,100,100,0,-15.068490527301064,1.289188792127644,0.2526810032570182,-60.84436354784307,-60.90086154434165,0.0,32.0,287.71,1.0118712008150705,1.4186997961763188,0.019154191249981523,400000000.0
AMNoiseGaiJam,10.0,offset_+4,100,100,0,15.87384560547065,1.2701251180105728,0.24894452313007226,-4.861876158740904,-4.868838735280628,1.0,4.0,290.41,0.6824817607046297,1.7946138505742095,0.01897171139717102,400000000.0
AMNoiseGaiJam,10.0,offset_+8,100,100,0,14.971984922310556,1.270525535447679,0.2490230049477451,-24.75619952191072,-24.77015269320042,1.0,8.0,290.81,1.0034366777487043,1.3605278810864265,0.018925467156805098,400000000.0
AMNoiseGaiJam,10.0,offset_-1,100,100,0,16.037405197904494,1.275600396607166,0.25001767773500455,-0.24289127150652978,-0.30359237476763823,1.0,0.8,292.02,0.15264320112995616,1.4209204231429033,0.01900157833006233,400000000.0
AMNoiseGaiJam,10.0,offset_-16,100,100,0,7.379017479964257,3.167902367539579,0.6209088640377575,-22.823792197273615,-28.529718531976496,0.2,12.8,294.84,0.794032871275866,1.0386805062952917,0.019021581392735243,400000000.0
AMNoiseGaiJam,10.0,offset_-2,100,100,0,16.034305182840516,1.2741236308480421,0.24972823164621624,-0.9509127569059964,-1.1886192315169712,1.0,1.6,292.12,0.2936204200936908,1.2845618062252533,0.01886918267700821,400000000.0
AMNoiseGaiJam,10.0,offset_-32,100,100,0,-8.848194960920562,11.30355298518202,2.2154963850956757,-48.72070660716574,-60.90086154434164,0.2,25.6,297.41,0.8068372617244975,1.13676863010912,0.01906251593027264,400000000.0
AMNoiseGaiJam,10.0,offset_-4,100,100,0,15.914450458930357,1.2171831357231147,0.23856789460173045,-3.8950883599169206,-4.868838735280628,1.0,3.2,292.43,0.5333463476793553,1.4358694250306088,0.01910290797241032,400000000.0
AMNoiseGaiJam,10.0,offset_-8,100,100,0,15.197119776515692,0.8855468518699697,0.17356718296651405,-19.816139526252744,-24.770152693200416,1.0,6.4,292.67,0.7793702611086099,1.0888930158707242,0.0190204189857468,400000000.0
AMNoiseGaiJam,10.0,random,100,100,64,-196.75122019661504,147.23013389197777,32.466781089542216,-93.3358810971286,-137.90359686079853,0.18,1766.3,167.0,0.991389357536945,1.3885386605065815,0.018876211252063513,400000000.0
AMNoiseGaiJam,10.0,true,100,100,0,16.035195806209234,1.2745478806467425,0.2498113846067615,-8.685846209842596e-05,-8.685846209919741e-05,1.0,0.0,291.01,0.0,0.0,0.020517471130006015,400000000.0
AMNoiseGaiJam,20.0,fixed_0,100,100,60,-7.448220150592016,29.096290485678335,9.017033840869775,-50.37409188338958,-100.74809690831707,0.2,2300.0,249.67,0.8028503926611791,1.1317870736236322,0.019116603070870042,400000000.0
AMNoiseGaiJam,20.0,missing,100,100,60,-7.448220150592016,29.096290485678335,9.017033840869775,-50.37409188338958,-100.74809690831707,0.2,2300.0,249.67,0.8028503926611791,1.1317870736236322,0.018990839016623795,400000000.0
AMNoiseGaiJam,20.0,offset_+1,100,100,0,23.8317193447694,1.4415758622322872,0.2825488689975283,-0.3018543450605612,-0.30359237476763723,1.0,1.0,290.96,0.21101639865678604,1.776094222931877,0.019054548465646803,400000000.0
AMNoiseGaiJam,20.0,offset_+16,100,100,0,13.008305534622716,1.4509975688542578,0.2843955234954345,-28.501699208166965,-28.529718531976496,0.0,16.0,290.37,1.049644429843444,1.2971153619840419,0.018798685632646084,400000000.0
AMNoiseGaiJam,20.0,offset_+2,100,100,0,23.82562834875979,1.4405561666542577,0.2823490086642345,-1.1851414314792919,-1.1886192315169712,1.0,2.0,290.76,0.4098154460420049,1.6055776775241537,0.018896707915700972,400000000.0
AMNoiseGaiJam,20.0,offset_+32,100,100,0,-7.273043838066222,1.4561203822932223,0.28539959492947153,-60.84436354784307,-60.90086154434165,0.0,32.0,287.77,1.0605671188912678,1.4186997961763188,0.018982551991939545,400000000.0
AMNoiseGaiJam,20.0,offset_+4,100,100,0,23.66929229470548,1.4380781974074837,0.28186332669186676,-4.861876158740904,-4.868838735280628,1.0,4.0,291.69,0.7505735037985426,1.7946138505742095,0.019141680095344782,400000000.0
AMNoiseGaiJam,20.0,offset_+8,100,100,0,22.767431611547046,1.4383687909995635,0.28192028303591443,-24.75619952191072,-24.77015269320042,1.0,8.0,291.22,1.0725947405850056,1.3605278810864265,0.019114589085802436,400000000.0
AMNoiseGaiJam,20.0,offset_-1,100,100,0,23.8328518871393,1.4433673398980336,0.2828999986200146,-0.24289127150652978,-0.30359237476763823,1.0,0.8,292.18,0.16777767141082467,1.4209204231429033,0.019259944674558938,400000000.0
AMNoiseGaiJam,20.0,offset_-16,100,100,0,15.174464169199263,3.1351066877768887,0.6144809108042701,-22.823792197273615,-28.529718531976496,0.2,12.8,295.62,0.8415130974220516,1.0386805062952917,0.019148708088323474,400000000.0
AMNoiseGaiJam,20.0,offset_-2,100,100,0,23.829751872075327,1.4419800217771523,0.28262808426832187,-0.9509127569059964,-1.1886192315169712,1.0,1.6,292.39,0.32230956207031036,1.2845618062252533,0.01873627887107432,400000000.0
AMNoiseGaiJam,20.0,offset_-32,100,100,0,-1.0527482716856826,11.239289185282715,2.202900680315412,-48.72070660716574,-60.90086154434164,0.2,25.6,295.72,0.8494289597491257,1.13676863010912,0.019059169571846724,400000000.0
AMNoiseGaiJam,20.0,offset_-4,100,100,0,23.709897148165158,1.3886201995585357,0.272169559113473,-3.8950883599169206,-4.868838735280628,1.0,3.2,291.85,0.5793975164507352,1.4358694250306088,0.018969601951539516,400000000.0
AMNoiseGaiJam,20.0,offset_-8,100,100,0,22.992566465750187,1.084419416306608,0.21254620559609516,-19.816139526252744,-24.770152693200416,1.0,6.4,293.31,0.8185441179226234,1.0888930158707242,0.019053712021559477,400000000.0
AMNoiseGaiJam,20.0,random,100,100,64,-188.98547695097074,147.2804703369725,32.477881142889096,-93.3358810971286,-137.90359686079853,0.18,1766.3,166.75,1.0002281768123285,1.3885386605065815,0.018944567418657243,400000000.0
AMNoiseGaiJam,20.0,true,100,100,0,23.83064249544404,1.4423785576941772,0.28270619730805874,-8.685846209842596e-05,-8.685846209919741e-05,1.0,0.0,292.55,0.0,0.0,0.020577064715325832,400000000.0
AMNoiseGaiJam,30.0,fixed_0,100,100,60,-2.078798331519881,29.108761868971257,9.02089876259408,-50.37409188338958,-100.74809690831707,0.2,2300.0,250.8,0.8101285952965185,1.1317870736236322,0.019077511969953775,400000000.0
AMNoiseGaiJam,30.0,missing,100,100,60,-2.078798331519881,29.108761868971257,9.02089876259408,-50.37409188338958,-100.74809690831707,0.2,2300.0,250.8,0.8101285952965185,1.1317870736236322,0.019201691611669958,400000000.0
AMNoiseGaiJam,30.0,offset_+1,100,100,0,29.203077097281938,1.6800495662403545,0.32928971498310944,-0.3018543450605612,-0.30359237476763723,1.0,1.0,291.47,0.2607107112022246,1.776094222931877,0.019062469946220517,400000000.0
AMNoiseGaiJam,30.0,offset_+16,100,100,0,18.379663287135326,1.6881467144193012,0.33087675602618305,-28.501699208166965,-28.529718531976496,0.0,16.0,290.25,1.1962960894171097,1.2971153619840419,0.019023288041353226,400000000.0
AMNoiseGaiJam,30.0,offset_+2,100,100,0,29.196986101272337,1.6791711832018772,0.3291175519075679,-1.1851414314792919,-1.1886192315169712,1.0,2.0,292.38,0.5052924635459999,1.6055776775241537,0.018804518040269613,400000000.0
AMNoiseGaiJam,30.0,offset_+32,100,100,0,-1.9016860855536817,1.692558730888611,0.33174151125416773,-60.84436354784307,-60.90086154434165,0.0,32.0,288.34,1.1871833518519426,1.4186997961763188,0.01919873000588268,400000000.0
AMNoiseGaiJam,30.0,offset_+4,100,100,0,29.040650047218055,1.6770357936601832,0.3286990155573959,-4.861876158740904,-4.868838735280628,1.0,4.0,291.79,0.9110867690460942,1.7946138505742095,0.01893291890155524,400000000.0
AMNoiseGaiJam,30.0,offset_+8,100,100,0,28.138789364061704,1.6772784801622111,0.32874658211179336,-24.75619952191072,-24.77015269320042,1.0,8.0,290.92,1.2264430603575254,1.3605278810864265,0.019260330009274185,400000000.0
AMNoiseGaiJam,30.0,offset_-1,100,100,0,29.20420963965185,1.6815905392295016,0.3295917456889823,-0.24289127150652978,-0.30359237476763823,1.0,0.8,292.06,0.208190863831912,1.4209204231429033,0.019238326931372285,400000000.0
AMNoiseGaiJam,30.0,offset_-16,100,100,0,20.54582192171186,3.2499386063359816,0.6369879668418524,-22.823792197273615,-28.529718531976496,0.2,12.8,295.42,0.9686484672690913,1.0386805062952917,0.019027907983399928,400000000.0
AMNoiseGaiJam,30.0,offset_-2,100,100,0,29.201109624587872,1.6803987038043684,0.3293581459456562,-0.9509127569059964,-1.1886192315169712,1.0,1.6,292.48,0.4011759052070144,1.2845618062252533,0.01880204421468079,400000000.0
AMNoiseGaiJam,30.0,offset_-32,100,100,0,4.31860948082686,11.270927860682983,2.2091018606938646,-48.72070660716574,-60.90086154434164,0.2,25.6,296.74,0.9697802350482055,1.13676863010912,0.019041242776438594,400000000.0
AMNoiseGaiJam,30.0,offset_-4,100,100,0,29.081254900677724,1.634791478832436,0.32041912985115745,-3.8950883599169206,-4.868838735280628,1.0,3.2,292.63,0.7154102596820926,1.4358694250306088,0.01908832462504506,400000000.0
AMNoiseGaiJam,30.0,offset_-8,100,100,0,28.36392421826346,1.38539088992566,0.2715366144254293,-19.816139526252744,-24.770152693200416,1.0,6.4,293.56,0.9559383643094541,1.0888930158707242,0.019089121487922966,400000000.0
AMNoiseGaiJam,30.0,random,100,100,64,-183.56819730603826,147.2621245991614,32.47383559163071,-93.3358810971286,-137.90359686079853,0.18,1766.3,167.11,1.0256627839844403,1.3885386605065815,0.01894995744805783,400000000.0
AMNoiseGaiJam,30.0,true,100,100,0,29.20200024795659,1.6807410525815256,0.329425246305979,-8.685846209842596e-05,-8.685846209919741e-05,1.0,0.0,292.32,0.0,0.0,0.02065835113171488,400000000.0
FMNoiseAimedJam,0.0,fixed_0,100,100,60,-21.1737030487262,29.26770612683183,9.070156098426843,-50.37409188338958,-100.74809690831707,0.2,2300.0,250.58,0.8003294048263647,1.1317870736236322,0.018894558888860047,400000000.0
FMNoiseAimedJam,0.0,missing,100,100,60,-21.1737030487262,29.26770612683183,9.070156098426843,-50.37409188338958,-100.74809690831707,0.2,2300.0,250.58,0.8003294048263647,1.1317870736236322,0.018810048350133002,400000000.0
FMNoiseAimedJam,0.0,offset_+1,100,100,0,9.926930415205625,1.2301101957935618,0.2411015983755381,-0.3018543450605612,-0.30359237476763723,1.0,1.0,290.81,0.18855611461300467,1.776094222931877,0.018714148900471628,400000000.0
FMNoiseAimedJam,0.0,offset_+16,100,100,0,-0.8964833949416727,1.239794425201629,0.24299970733951928,-28.501699208166965,-28.529718531976496,0.0,16.0,289.91,0.9835138393046501,1.2971153619840419,0.018641650676727295,400000000.0
FMNoiseAimedJam,0.0,offset_+2,100,100,0,9.92083941919602,1.2292685091485356,0.24093662779311295,-1.1851414314792919,-1.1886192315169712,1.0,2.0,291.17,0.36434899665701265,1.6055776775241537,0.018789132009260356,400000000.0
FMNoiseAimedJam,0.0,offset_+32,100,100,0,-21.177832767630722,1.244798120437936,0.24398043160583543,-60.84436354784307,-60.90086154434165,0.0,32.0,287.18,1.0020585220845517,1.4186997961763188,0.018786691362038255,400000000.0
FMNoiseAimedJam,0.0,offset_+4,100,100,0,9.76450336514168,1.227339215015609,0.24055848614305936,-4.861876158740904,-4.868838735280628,1.0,4.0,291.63,0.6666970501159878,1.7946138505742095,0.018906680052168667,400000000.0
FMNoiseAimedJam,0.0,offset_+8,100,100,0,8.862642681981242,1.2281343455758131,0.24071433173285936,-24.75619952191072,-24.77015269320042,1.0,8.0,291.67,0.9812301126078979,1.3605278810864265,0.018785830470733345,400000000.0
FMNoiseAimedJam,0.0,offset_-1,100,100,0,9.928062957575538,1.2317790622575056,0.24142869620247107,-0.24289127150652978,-0.30359237476763823,1.0,0.8,292.01,0.15132266768242442,1.4209204231429033,0.01869837287813425,400000000.0
FMNoiseAimedJam,0.0,offset_-16,100,100,0,1.2696752396352928,3.285867499519376,0.6440300299057977,-22.823792197273615,-28.529718531976496,0.2,12.8,295.45,0.7866366453722111,1.0386805062952917,0.018772081239148974,400000000.0
FMNoiseAimedJam,0.0,offset_-2,100,100,0,9.924962942511565,1.230376857514446,0.2411538640728314,-0.9509127569059964,-1.1886192315169712,1.0,1.6,292.13,0.29215041155018207,1.2845618062252533,0.01853713416494429,400000000.0
FMNoiseAimedJam,0.0,offset_-32,100,100,0,-14.957537201250187,11.408895355221478,2.2361434896234096,-48.72070660716574,-60.90086154434164,0.2,25.6,296.62,0.8020222037794804,1.13676863010912,0.01890671148430556,400000000.0
FMNoiseAimedJam,0.0,offset_-4,100,100,0,9.805108218601404,1.176463995677247,0.2305869431527404,-3.8950883599169206,-4.868838735280628,1.0,3.2,292.43,0.5346501811708123,1.4358694250306088,0.01874953683000058,400000000.0
FMNoiseAimedJam,0.0,offset_-8,100,100,0,9.087777536187017,0.8712574726524717,0.17076646463988446,-19.816139526252744,-24.770152693200416,1.0,6.4,292.99,0.7875422604954017,1.0888930158707242,0.018783757113851607,400000000.0
FMNoiseAimedJam,0.0,random,100,100,64,-202.88531615069448,147.32861919918423,32.488498796543375,-93.3358810971286,-137.90359686079853,0.16,1766.3,167.37,0.9903600114929267,1.3885386605065815,0.018815440125763416,400000000.0
FMNoiseAimedJam,0.0,true,100,100,0,9.925853565880274,1.230779667687272,0.24123281486670528,-8.685846209842596e-05,-8.685846209919741e-05,1.0,0.0,291.44,0.0,0.0,0.02066499029751867,400000000.0
FMNoiseAimedJam,10.0,fixed_0,100,100,60,-12.327251736061822,28.955567856374227,8.973423446230779,-50.37409188338958,-100.74809690831707,0.2,2300.0,250.11,0.8029881950192768,1.1317870736236322,0.0190341955749318,400000000.0
FMNoiseAimedJam,10.0,missing,100,100,60,-12.327251736061822,28.955567856374227,8.973423446230779,-50.37409188338958,-100.74809690831707,0.2,2300.0,250.11,0.8029881950192768,1.1317870736236322,0.018981219618581235,400000000.0
FMNoiseAimedJam,10.0,offset_+1,100,100,0,19.054572451447115,1.927448927047402,0.3777799897012908,-0.3018543450605612,-0.30359237476763723,1.0,1.0,291.2,0.1929883813214848,1.776094222931877,0.01891914929728955,400000000.0
FMNoiseAimedJam,10.0,offset_+16,100,100,0,8.231158641296743,1.9352403455421618,0.3793071077262637,-28.501699208166965,-28.529718531976496,0.0,16.0,290.97,0.9983910162732365,1.2971153619840419,0.01912084175273776,400000000.0
FMNoiseAimedJam,10.0,offset_+2,100,100,0,19.048481455437507,1.926616858310484,0.37761690422885485,-1.1851414314792919,-1.1886192315169712,1.0,2.0,290.6,0.3730934931425356,1.6055776775241537,0.01890916028060019,400000000.0
FMNoiseAimedJam,10.0,offset_+32,100,100,0,-12.050190731388696,1.9394689579356519,0.38013591575538774,-60.84436354784307,-60.90086154434165,0.0,32.0,287.38,1.022318172457441,1.4186997961763188,0.01899207418318838,400000000.0
FMNoiseAimedJam,10.0,offset_+4,100,100,0,18.892145401383154,1.9245947784225381,0.3772205765708175,-4.861876158740904,-4.868838735280628,1.0,4.0,290.39,0.6823326181957843,1.7946138505742095,0.019017921295017004,400000000.0
FMNoiseAimedJam,10.0,offset_+8,100,100,0,17.990284718224583,1.9248464894394683,0.3772699119301358,-24.75619952191072,-24.77015269320042,1.0,8.0,290.17,1.000202715007213,1.3605278810864265,0.019075015443377197,400000000.0
FMNoiseAimedJam,10.0,offset_-1,100,100,0,19.05570499381703,1.928919962568758,0.37806831266347657,-0.24289127150652978,-0.30359237476763823,1.0,0.8,291.52,0.15486581489520007,1.4209204231429033,0.01886031881440431,400000000.0
FMNoiseAimedJam,10.0,offset_-16,100,100,0,10.39731727587528,3.210816208339953,0.6293199768346308,-22.823792197273615,-28.529718531976496,0.2,12.8,294.56,0.7992568966558952,1.0386805062952917,0.01896246918477118,400000000.0
FMNoiseAimedJam,10.0,offset_-2,100,100,0,19.052604978753052,1.9277746623521423,0.3778438338210199,-0.9509127569059964,-1.1886192315169712,1.0,1.6,291.73,0.29918216702283507,1.2845618062252533,0.018830820336006582,400000000.0
FMNoiseAimedJam,10.0,offset_-32,100,100,0,-5.82989516500801,11.16394265585283,2.1881327605471546,-48.72070660716574,-60.90086154434164,0.2,25.6,296.42,0.8182933521491048,1.13676863010912,0.019167535938322544,400000000.0
FMNoiseAimedJam,10.0,offset_-4,100,100,0,18.932750254842894,1.8839483906694043,0.36925388457120323,-3.8950883599169206,-4.868838735280628,1.0,3.2,292.24,0.5475796313950404,1.4358694250306088,0.018862520228140056,400000000.0
FMNoiseAimedJam,10.0,offset_-8,100,100,0,18.215419572428498,1.6435082252645583,0.3221276121518534,-19.816139526252744,-24.770152693200416,1.0,6.4,293.88,0.8052930346357773,1.0888930158707242,0.018944652983918786,400000000.0
FMNoiseAimedJam,10.0,random,100,100,64,-193.75503455061173,147.43649424507424,32.51228710269614,-93.3358810971286,-137.90359686079853,0.16,1766.3,167.03,0.9955143759547178,1.3885386605065815,0.01908751204609871,400000000.0
FMNoiseAimedJam,10.0,true,100,100,0,19.053495602121767,1.9281036438240482,0.37790831418951343,-8.685846209842596e-05,-8.685846209919741e-05,1.0,0.0,291.26,0.0,0.0,0.020664160256274045,400000000.0
FMNoiseAimedJam,20.0,fixed_0,100,100,60,-3.570112981745195,29.01816028247513,8.992821040044731,-50.37409188338958,-100.74809690831707,0.2,2300.0,249.31,0.8252222166323249,1.1317870736236322,0.019215011852793396,400000000.0
FMNoiseAimedJam,20.0,missing,100,100,60,-3.570112981745195,29.01816028247513,8.992821040044731,-50.37409188338958,-100.74809690831707,0.2,2300.0,249.31,0.8252222166323249,1.1317870736236322,0.019171630847267807,400000000.0
FMNoiseAimedJam,20.0,offset_+1,100,100,0,27.853300617774817,3.2587499455222146,0.638714989322354,-0.3018543450605612,-0.30359237476763723,1.0,1.0,290.65,0.22503596508269985,1.776094222931877,0.01916044158861041,400000000.0
FMNoiseAimedJam,20.0,offset_+16,100,100,0,17.029886807628152,3.263512591788119,0.6396484679904713,-28.501699208166965,-28.529718531976496,0.0,16.0,289.41,1.1371366326341361,1.2971153619840419,0.019007051596418023,400000000.0
FMNoiseAimedJam,20.0,offset_+2,100,100,0,27.847209621765188,3.258233610329214,0.6386137876245259,-1.1851414314792919,-1.1886192315169712,1.0,2.0,291.49,0.43726615458363916,1.6055776775241537,0.019023402128368616,400000000.0
FMNoiseAimedJam,20.0,offset_+32,100,100,0,-3.2514625650607765,3.266112759729277,0.6401581009069383,-60.84436354784307,-60.90086154434165,0.0,32.0,287.98,1.2264324102948647,1.4186997961763188,0.01900537172332406,400000000.0
FMNoiseAimedJam,20.0,offset_+4,100,100,0,27.69087356771021,3.256974044812562,0.6383669127832622,-4.861876158740904,-4.868838735280628,1.0,4.0,291.25,0.8012732546245122,1.7946138505742095,0.019139230134896934,400000000.0
FMNoiseAimedJam,20.0,offset_+8,100,100,0,26.789012884554296,3.257106172052646,0.6383928097223186,-24.75619952191072,-24.77015269320042,1.0,8.0,290.67,1.158435715738952,1.3605278810864265,0.019143298850394785,400000000.0
FMNoiseAimedJam,20.0,offset_-1,100,100,0,27.85443316014473,3.259655231499311,0.6388924253738649,-0.24289127150652978,-0.30359237476763823,1.0,0.8,291.46,0.17975456182876404,1.4209204231429033,0.018953349208459258,400000000.0
FMNoiseAimedJam,20.0,offset_-16,100,100,0,19.196045442204603,4.098641721581293,0.8033337774299335,-22.823792197273615,-28.529718531976496,0.2,12.8,293.77,0.9202994309076976,1.0386805062952917,0.01918454945553094,400000000.0
FMNoiseAimedJam,20.0,offset_-2,100,100,0,27.85133314508075,3.2589548022117203,0.6387551412334972,-0.9509127569059964,-1.1886192315169712,1.0,1.6,290.92,0.3477421423271305,1.2845618062252533,0.01891042396891862,400000000.0
FMNoiseAimedJam,20.0,offset_-32,100,100,0,2.9688330013197683,11.416890285669462,2.2377104959912146,-48.72070660716574,-60.90086154434164,0.2,25.6,296.69,0.981058198559426,1.13676863010912,0.01933291961904615,400000000.0
FMNoiseAimedJam,20.0,offset_-4,100,100,0,27.731478421170603,3.2323337955664924,0.6335374239310325,-3.8950883599169206,-4.868838735280628,1.0,3.2,292.48,0.634796461928629,1.4358694250306088,0.01924915937706828,400000000.0
FMNoiseAimedJam,20.0,offset_-8,100,100,0,27.014147738754758,3.0928020081793917,0.6061891936031608,-19.816139526252744,-24.770152693200416,1.0,6.4,292.5,0.9279377325270585,1.0888930158707242,0.01910581369884312,400000000.0
FMNoiseAimedJam,20.0,random,100,100,64,-184.87587030874604,147.76896858068292,32.585603421759046,-93.3358810971286,-137.90359686079853,0.16,1766.3,167.19,1.0448083185286299,1.3885386605065815,0.01924294454511255,400000000.0
FMNoiseAimedJam,20.0,true,100,100,0,27.852223768449466,3.2591559722329886,0.6387945705576658,-8.685846209842596e-05,-8.685846209919741e-05,1.0,0.0,291.34,0.0,0.0,0.02095166768413037,400000000.0
FMNoiseAimedJam,30.0,fixed_0,100,100,60,0.5655861690156236,29.156596550588286,9.03572288400984,-50.37409188338958,-100.74809690831707,0.2,2300.0,250.83,0.9336778597060182,1.1317870736236322,0.0192921026609838,400000000.0
FMNoiseAimedJam,30.0,missing,100,100,60,0.5655861690156236,29.156596550588286,9.03572288400984,-50.37409188338958,-100.74809690831707,0.2,2300.0,250.83,0.9336778597060182,1.1317870736236322,0.01917501213029027,400000000.0
FMNoiseAimedJam,30.0,offset_+1,100,100,0,31.993199353294557,4.331452418197876,0.8489646739667837,-0.3018543450605612,-0.30359237476763723,1.0,1.0,290.85,0.3343274560377577,1.776094222931877,0.019009129027836025,400000000.0
FMNoiseAimedJam,30.0,offset_+16,100,100,0,21.16978554314798,4.335047812549582,0.849669371259718,-28.501699208166965,-28.529718531976496,0.0,16.0,291.37,1.903084695361033,1.2971153619840419,0.019113359740003943,400000000.0
FMNoiseAimedJam,30.0,offset_+2,100,100,0,31.987108357284942,4.331062080739833,0.8488881678250072,-1.1851414314792919,-1.1886192315169712,1.0,2.0,290.16,0.6581603269348668,1.6055776775241537,0.019074553274549544,400000000.0
FMNoiseAimedJam,30.0,offset_+32,100,100,0,0.8884361704589778,4.3370125099780825,0.8500544519557043,-60.84436354784307,-60.90086154434165,0.0,32.0,287.62,2.0819974699664234,1.4186997961763188,0.019011671538464725,400000000.0
FMNoiseAimedJam,30.0,offset_+4,100,100,0,31.830772303230678,4.330109572048699,0.848701476121545,-4.861876158740904,-4.868838735280628,1.0,4.0,290.54,1.2184186640360037,1.7946138505742095,0.019069223199039698,400000000.0
FMNoiseAimedJam,30.0,offset_+8,100,100,0,30.928911620074363,4.330207545574219,0.848720678932547,-24.75619952191072,-24.77015269320042,1.0,8.0,290.5,1.7641719484165588,1.3605278810864265,0.01900804811157286,400000000.0
FMNoiseAimedJam,30.0,offset_-1,100,100,0,31.99433189566445,4.332136228440407,0.8490987007743198,-0.24289127150652978,-0.30359237476763823,1.0,0.8,291.99,0.26409419945494217,1.4209204231429033,0.019027520320378244,400000000.0
FMNoiseAimedJam,30.0,offset_-16,100,100,0,23.335944177724503,4.989931269207076,0.9780265287645868,-22.823792197273615,-28.529718531976496,0.2,12.8,294.67,1.4580087008499165,1.0386805062952917,0.01922834140714258,400000000.0
FMNoiseAimedJam,30.0,offset_-2,100,100,0,31.991231880600484,4.331607507907605,0.8489950715498905,-0.9509127569059964,-1.1886192315169712,1.0,1.6,292.0,0.5130800804639214,1.2845618062252533,0.018967973301187158,400000000.0
FMNoiseAimedJam,30.0,offset_-32,100,100,0,7.108731736839507,11.76300025263337,2.3055480495161405,-48.72070660716574,-60.90086154434164,0.2,25.6,296.82,1.810627048837752,1.13676863010912,0.0193612661678344,400000000.0
FMNoiseAimedJam,30.0,offset_-4,100,100,0,31.87137715669033,4.311547740459573,0.8450633571300763,-3.8950883599169206,-4.868838735280628,1.0,3.2,292.73,0.9449015425787937,1.4358694250306088,0.019148807041347027,400000000.0
FMNoiseAimedJam,30.0,offset_-8,100,100,0,31.154046474276125,4.2075462288154934,0.8246790608478367,-19.816139526252744,-24.770152693200416,1.0,6.4,293.21,1.437437899585432,1.0888930158707242,0.019031629781238735,400000000.0
FMNoiseAimedJam,30.0,random,100,100,64,-180.64370000685878,147.95999116741226,32.627727193181066,-93.3358810971286,-137.90359686079853,0.16,1766.3,167.36,1.22098578434456,1.3885386605065815,0.01920170325320214,400000000.0
FMNoiseAimedJam,30.0,true,100,100,0,31.992122503969185,4.331759356686301,0.8490248339105149,-8.685846209842596e-05,-8.685846209919741e-05,1.0,0.0,292.3,0.0,0.0,0.020951720071025193,400000000.0
NoJammer,0.0,fixed_0,100,100,60,-25.880884733302963,30.46038982075088,9.439772604517719,-50.37409188338958,-100.74809690831707,0.2,2300.0,249.55,0.8000115412335963,1.1317870736236322,0.01907082158140838,400000000.0
NoJammer,0.0,missing,100,100,60,-25.880884733302963,30.46038982075088,9.439772604517719,-50.37409188338958,-100.74809690831707,0.2,2300.0,249.55,0.8000115412335963,1.1317870736236322,0.01901166921015829,400000000.0
NoJammer,0.0,offset_+1,100,100,0,3.7526707640762904,0.8238056661612936,0.16146591056761356,-0.3018543450605612,-0.30359237476763723,1.0,1.0,291.17,0.1848056331426086,1.776094222931877,0.018979980959556997,400000000.0
NoJammer,0.0,offset_+16,100,100,0,-7.070743046070664,0.8235667902477168,0.1614190908885525,-28.501699208166965,-28.529718531976496,0.0,16.0,290.49,0.9811601925125889,1.2971153619840419,0.01915129949338734,400000000.0
NoJammer,0.0,offset_+2,100,100,0,3.746579768066687,0.8271632166653772,0.16212399046641393,-1.1851414314792919,-1.1886192315169712,1.0,2.0,290.88,0.3571662417947817,1.6055776775241537,0.019031622796319425,400000000.0
NoJammer,0.0,offset_+32,100,100,0,-27.352092418762673,0.8192159120114866,0.16056631875425137,-60.84436354784307,-60.90086154434165,0.0,32.0,286.69,0.9996560909033453,1.4186997961763188,0.019024561042897403,400000000.0
NoJammer,0.0,offset_+4,100,100,0,3.5902437140123764,0.8370541245919383,0.1640626084200199,-4.861876158740904,-4.868838735280628,1.0,4.0,290.91,0.6547854789122044,1.7946138505742095,0.018965883646160364,400000000.0
NoJammer,0.0,offset_+8,100,100,0,2.6883830308555208,0.84479838182923,0.16558048283852905,-24.75619952191072,-24.77015269320042,1.0,8.0,290.81,0.9707831319779658,1.3605278810864265,0.019073740113526583,400000000.0
NoJammer,0.0,offset_-1,100,100,0,3.753803306446195,0.8209497153833598,0.16090614421513852,-0.24289127150652978,-0.30359237476763823,1.0,0.8,291.46,0.1482599110962562,1.4209204231429033,0.018972930847667158,400000000.0
NoJammer,0.0,offset_-16,100,100,0,-4.904584411494069,4.642094821273533,0.9098505849696125,-22.823792197273615,-28.529718531976496,0.2,12.8,294.37,0.7849549861543901,1.0386805062952917,0.01901826821267605,400000000.0
NoJammer,0.0,offset_-2,100,100,0,3.7507032913822194,0.8213825179465318,0.16099097351752023,-0.9509127569059964,-1.1886192315169712,1.0,1.6,292.37,0.28611597432997327,1.2845618062252533,0.019061691127717495,400000000.0
NoJammer,0.0,offset_-32,100,100,0,-21.131796852380894,12.752602168796997,2.4995100250842115,-48.72070660716574,-60.90086154434164,0.2,25.6,295.38,0.7997438985913206,1.13676863010912,0.019327030749991536,400000000.0
NoJammer,0.0,offset_-4,100,100,0,3.630848567472052,0.840155313533453,0.16467044145255677,-3.8950883599169206,-4.868838735280628,1.0,3.2,292.2,0.5240886512241384,1.4358694250306088,0.018995432765223086,400000000.0
NoJammer,0.0,offset_-8,100,100,0,2.9135178850573675,1.021649645583145,0.2002433305342964,-19.816139526252744,-24.770152693200416,1.0,6.4,293.13,0.7766137272095213,1.0888930158707242,0.019092081347480416,400000000.0
NoJammer,0.0,random,100,100,64,-208.83940742223925,146.99173036686398,32.41420900490006,-93.3358810971286,-137.90359686079853,0.18,1766.3,166.27,0.9897771858912046,1.3885386605065815,0.019033318967558444,400000000.0
NoJammer,0.0,true,100,100,0,3.751593914750937,0.82125789704685,0.1609665478211826,-8.685846209842596e-05,-8.685846209919741e-05,1.0,0.0,290.87,0.0,0.0,0.020373720326460898,400000000.0
NoJammer,10.0,fixed_0,100,100,60,-25.880884733302963,30.46038982075088,9.439772604517719,-50.37409188338958,-100.74809690831707,0.2,2300.0,249.55,0.8000115412335963,1.1317870736236322,0.019144178950227797,400000000.0
NoJammer,10.0,missing,100,100,60,-25.880884733302963,30.46038982075088,9.439772604517719,-50.37409188338958,-100.74809690831707,0.2,2300.0,249.55,0.8000115412335963,1.1317870736236322,0.019061689963564277,400000000.0
NoJammer,10.0,offset_+1,100,100,0,3.7526707640762904,0.8238056661612936,0.16146591056761356,-0.3018543450605612,-0.30359237476763723,1.0,1.0,291.17,0.1848056331426086,1.776094222931877,0.01910581544507295,400000000.0
NoJammer,10.0,offset_+16,100,100,0,-7.070743046070664,0.8235667902477168,0.1614190908885525,-28.501699208166965,-28.529718531976496,0.0,16.0,290.49,0.9811601925125889,1.2971153619840419,0.01913455897010863,400000000.0
NoJammer,10.0,offset_+2,100,100,0,3.746579768066687,0.8271632166653772,0.16212399046641393,-1.1851414314792919,-1.1886192315169712,1.0,2.0,290.88,0.3571662417947817,1.6055776775241537,0.019187157158739865,400000000.0
NoJammer,10.0,offset_+32,100,100,0,-27.352092418762673,0.8192159120114866,0.16056631875425137,-60.84436354784307,-60.90086154434165,0.0,32.0,286.69,0.9996560909033453,1.4186997961763188,0.019237842061556876,400000000.0
NoJammer,10.0,offset_+4,100,100,0,3.5902437140123764,0.8370541245919383,0.1640626084200199,-4.861876158740904,-4.868838735280628,1.0,4.0,290.91,0.6547854789122044,1.7946138505742095,0.01907620986457914,400000000.0
NoJammer,10.0,offset_+8,100,100,0,2.6883830308555208,0.84479838182923,0.16558048283852905,-24.75619952191072,-24.77015269320042,1.0,8.0,290.81,0.9707831319779658,1.3605278810864265,0.019136712653562427,400000000.0
NoJammer,10.0,offset_-1,100,100,0,3.753803306446195,0.8209497153833598,0.16090614421513852,-0.24289127150652978,-0.30359237476763823,1.0,0.8,291.46,0.1482599110962562,1.4209204231429033,0.019044996006414294,400000000.0
NoJammer,10.0,offset_-16,100,100,0,-4.904584411494069,4.642094821273533,0.9098505849696125,-22.823792197273615,-28.529718531976496,0.2,12.8,294.37,0.7849549861543901,1.0386805062952917,0.019138295319862664,400000000.0
NoJammer,10.0,offset_-2,100,100,0,3.7507032913822194,0.8213825179465318,0.16099097351752023,-0.9509127569059964,-1.1886192315169712,1.0,1.6,292.37,0.28611597432997327,1.2845618062252533,0.01897292269859463,400000000.0
NoJammer,10.0,offset_-32,100,100,0,-21.131796852380894,12.752602168796997,2.4995100250842115,-48.72070660716574,-60.90086154434164,0.2,25.6,295.38,0.7997438985913206,1.13676863010912,0.019433776615187526,400000000.0
NoJammer,10.0,offset_-4,100,100,0,3.630848567472052,0.840155313533453,0.16467044145255677,-3.8950883599169206,-4.868838735280628,1.0,3.2,292.2,0.5240886512241384,1.4358694250306088,0.01910547143779695,400000000.0
NoJammer,10.0,offset_-8,100,100,0,2.9135178850573675,1.021649645583145,0.2002433305342964,-19.816139526252744,-24.770152693200416,1.0,6.4,293.13,0.7766137272095213,1.0888930158707242,0.019172460888512433,400000000.0
NoJammer,10.0,random,100,100,64,-208.83940742223925,146.99173036686398,32.41420900490006,-93.3358810971286,-137.90359686079853,0.18,1766.3,166.27,0.9897771858912046,1.3885386605065815,0.01914084074087441,400000000.0
NoJammer,10.0,true,100,100,0,3.751593914750937,0.82125789704685,0.1609665478211826,-8.685846209842596e-05,-8.685846209919741e-05,1.0,0.0,290.87,0.0,0.0,0.020544958533719182,400000000.0
NoJammer,20.0,fixed_0,100,100,60,-25.880884733302963,30.46038982075088,9.439772604517719,-50.37409188338958,-100.74809690831707,0.2,2300.0,249.55,0.8000115412335963,1.1317870736236322,0.01903542783111334,400000000.0
NoJammer,20.0,missing,100,100,60,-25.880884733302963,30.46038982075088,9.439772604517719,-50.37409188338958,-100.74809690831707,0.2,2300.0,249.55,0.8000115412335963,1.1317870736236322,0.01895788940601051,400000000.0
NoJammer,20.0,offset_+1,100,100,0,3.7526707640762904,0.8238056661612936,0.16146591056761356,-0.3018543450605612,-0.30359237476763723,1.0,1.0,291.17,0.1848056331426086,1.776094222931877,0.019055817974731326,400000000.0
NoJammer,20.0,offset_+16,100,100,0,-7.070743046070664,0.8235667902477168,0.1614190908885525,-28.501699208166965,-28.529718531976496,0.0,16.0,290.49,0.9811601925125889,1.2971153619840419,0.01902165764477104,400000000.0
NoJammer,20.0,offset_+2,100,100,0,3.746579768066687,0.8271632166653772,0.16212399046641393,-1.1851414314792919,-1.1886192315169712,1.0,2.0,290.88,0.3571662417947817,1.6055776775241537,0.01895169960334897,400000000.0
NoJammer,20.0,offset_+32,100,100,0,-27.352092418762673,0.8192159120114866,0.16056631875425137,-60.84436354784307,-60.90086154434165,0.0,32.0,286.69,0.9996560909033453,1.4186997961763188,0.018926251213997602,400000000.0
NoJammer,20.0,offset_+4,100,100,0,3.5902437140123764,0.8370541245919383,0.1640626084200199,-4.861876158740904,-4.868838735280628,1.0,4.0,290.91,0.6547854789122044,1.7946138505742095,0.018961250316351652,400000000.0
NoJammer,20.0,offset_+8,100,100,0,2.6883830308555208,0.84479838182923,0.16558048283852905,-24.75619952191072,-24.77015269320042,1.0,8.0,290.81,0.9707831319779658,1.3605278810864265,0.01902421354316175,400000000.0
NoJammer,20.0,offset_-1,100,100,0,3.753803306446195,0.8209497153833598,0.16090614421513852,-0.24289127150652978,-0.30359237476763823,1.0,0.8,291.46,0.1482599110962562,1.4209204231429033,0.018930803635157645,400000000.0
NoJammer,20.0,offset_-16,100,100,0,-4.904584411494069,4.642094821273533,0.9098505849696125,-22.823792197273615,-28.529718531976496,0.2,12.8,294.37,0.7849549861543901,1.0386805062952917,0.01901503885164857,400000000.0
NoJammer,20.0,offset_-2,100,100,0,3.7507032913822194,0.8213825179465318,0.16099097351752023,-0.9509127569059964,-1.1886192315169712,1.0,1.6,292.37,0.28611597432997327,1.2845618062252533,0.019055450684390962,400000000.0
NoJammer,20.0,offset_-32,100,100,0,-21.131796852380894,12.752602168796997,2.4995100250842115,-48.72070660716574,-60.90086154434164,0.2,25.6,295.38,0.7997438985913206,1.13676863010912,0.019194961059838533,400000000.0
NoJammer,20.0,offset_-4,100,100,0,3.630848567472052,0.840155313533453,0.16467044145255677,-3.8950883599169206,-4.868838735280628,1.0,3.2,292.2,0.5240886512241384,1.4358694250306088,0.018962068133987486,400000000.0
NoJammer,20.0,offset_-8,100,100,0,2.9135178850573675,1.021649645583145,0.2002433305342964,-19.816139526252744,-24.770152693200416,1.0,6.4,293.13,0.7766137272095213,1.0888930158707242,0.018996342550963163,400000000.0
NoJammer,20.0,random,100,100,64,-208.83940742223925,146.99173036686398,32.41420900490006,-93.3358810971286,-137.90359686079853,0.18,1766.3,166.27,0.9897771858912046,1.3885386605065815,0.019021682091988623,400000000.0
NoJammer,20.0,true,100,100,0,3.751593914750937,0.82125789704685,0.1609665478211826,-8.685846209842596e-05,-8.685846209919741e-05,1.0,0.0,290.87,0.0,0.0,0.020415757317095995,400000000.0
NoJammer,30.0,fixed_0,100,100,60,-25.880884733302963,30.46038982075088,9.439772604517719,-50.37409188338958,-100.74809690831707,0.2,2300.0,249.55,0.8000115412335963,1.1317870736236322,0.019186697900295258,400000000.0
NoJammer,30.0,missing,100,100,60,-25.880884733302963,30.46038982075088,9.439772604517719,-50.37409188338958,-100.74809690831707,0.2,2300.0,249.55,0.8000115412335963,1.1317870736236322,0.019221651600673795,400000000.0
NoJammer,30.0,offset_+1,100,100,0,3.7526707640762904,0.8238056661612936,0.16146591056761356,-0.3018543450605612,-0.30359237476763723,1.0,1.0,291.17,0.1848056331426086,1.776094222931877,0.01903123047668487,400000000.0
NoJammer,30.0,offset_+16,100,100,0,-7.070743046070664,0.8235667902477168,0.1614190908885525,-28.501699208166965,-28.529718531976496,0.0,16.0,290.49,0.9811601925125889,1.2971153619840419,0.019148378632962704,400000000.0
NoJammer,30.0,offset_+2,100,100,0,3.746579768066687,0.8271632166653772,0.16212399046641393,-1.1851414314792919,-1.1886192315169712,1.0,2.0,290.88,0.3571662417947817,1.6055776775241537,0.019112112931907177,400000000.0
NoJammer,30.0,offset_+32,100,100,0,-27.352092418762673,0.8192159120114866,0.16056631875425137,-60.84436354784307,-60.90086154434165,0.0,32.0,286.69,0.9996560909033453,1.4186997961763188,0.01906006596982479,400000000.0
NoJammer,30.0,offset_+4,100,100,0,3.5902437140123764,0.8370541245919383,0.1640626084200199,-4.861876158740904,-4.868838735280628,1.0,4.0,290.91,0.6547854789122044,1.7946138505742095,0.019091189024038613,400000000.0
NoJammer,30.0,offset_+8,100,100,0,2.6883830308555208,0.84479838182923,0.16558048283852905,-24.75619952191072,-24.77015269320042,1.0,8.0,290.81,0.9707831319779658,1.3605278810864265,0.019214559579268098,400000000.0
NoJammer,30.0,offset_-1,100,100,0,3.753803306446195,0.8209497153833598,0.16090614421513852,-0.24289127150652978,-0.30359237476763823,1.0,0.8,291.46,0.1482599110962562,1.4209204231429033,0.019074167939834297,400000000.0
NoJammer,30.0,offset_-16,100,100,0,-4.904584411494069,4.642094821273533,0.9098505849696125,-22.823792197273615,-28.529718531976496,0.2,12.8,294.37,0.7849549861543901,1.0386805062952917,0.01917211280670017,400000000.0
NoJammer,30.0,offset_-2,100,100,0,3.7507032913822194,0.8213825179465318,0.16099097351752023,-0.9509127569059964,-1.1886192315169712,1.0,1.6,292.37,0.28611597432997327,1.2845618062252533,0.018996238941326737,400000000.0
NoJammer,30.0,offset_-32,100,100,0,-21.131796852380894,12.752602168796997,2.4995100250842115,-48.72070660716574,-60.90086154434164,0.2,25.6,295.38,0.7997438985913206,1.13676863010912,0.019322451553307474,400000000.0
NoJammer,30.0,offset_-4,100,100,0,3.630848567472052,0.840155313533453,0.16467044145255677,-3.8950883599169206,-4.868838735280628,1.0,3.2,292.2,0.5240886512241384,1.4358694250306088,0.019126266706734896,400000000.0
NoJammer,30.0,offset_-8,100,100,0,2.9135178850573675,1.021649645583145,0.2002433305342964,-19.816139526252744,-24.770152693200416,1.0,6.4,293.13,0.7766137272095213,1.0888930158707242,0.019127100240439177,400000000.0
NoJammer,30.0,random,100,100,64,-208.83940742223925,146.99173036686398,32.41420900490006,-93.3358810971286,-137.90359686079853,0.18,1766.3,166.27,0.9897771858912046,1.3885386605065815,0.019205091521143913,400000000.0
NoJammer,30.0,true,100,100,0,3.751593914750937,0.82125789704685,0.1609665478211826,-8.685846209842596e-05,-8.685846209919741e-05,1.0,0.0,290.87,0.0,0.0,0.020483238622546196,400000000.0
NoiseConvolutionJamming,0.0,fixed_0,100,100,60,-18.097241862628227,29.265429080817423,9.069450434556074,-50.37409188338958,-100.74809690831707,0.2,2300.0,250.05,0.8008427643654789,1.1317870736236322,0.019484632648527622,400000000.0
NoiseConvolutionJamming,0.0,missing,100,100,60,-18.097241862628227,29.265429080817423,9.069450434556074,-50.37409188338958,-100.74809690831707,0.2,2300.0,250.05,0.8008427643654789,1.1317870736236322,0.019372491515241563,400000000.0
NoiseConvolutionJamming,0.0,offset_+1,100,100,0,13.020028330049072,1.2211565298788964,0.2393466798562637,-0.3018543450605612,-0.30359237476763723,1.0,1.0,291.75,0.18831260093347912,1.776094222931877,0.019333354430273175,400000000.0
NoiseConvolutionJamming,0.0,offset_+16,100,100,0,2.196614519901749,1.2309290856857982,0.24126210079441646,-28.501699208166965,-28.529718531976496,0.0,16.0,290.75,0.9872166117736851,1.2971153619840419,0.019348739879205823,400000000.0
NoiseConvolutionJamming,0.0,offset_+2,100,100,0,13.013937334039465,1.2202185891367514,0.23916284347080324,-1.1851414314792919,-1.1886192315169712,1.0,2.0,291.13,0.36398818034701536,1.6055776775241537,0.01925624266732484,400000000.0
NoiseConvolutionJamming,0.0,offset_+32,100,100,0,-18.084734852787008,1.236089828387175,0.2422736063638863,-60.84436354784307,-60.90086154434165,0.0,32.0,288.17,1.0048433176216984,1.4186997961763188,0.019316691323183477,400000000.0
NoiseConvolutionJamming,0.0,offset_+4,100,100,0,12.85760127998513,1.2180112054119983,0.23873019626075168,-4.861876158740904,-4.868838735280628,1.0,4.0,290.89,0.6667513304741357,1.7946138505742095,0.019424119382165372,400000000.0
NoiseConvolutionJamming,0.0,offset_+8,100,100,0,11.955740596822515,1.2186102285799947,0.23884760480167894,-24.75619952191072,-24.77015269320042,1.0,8.0,289.84,0.9837549354701218,1.3605278810864265,0.01929876219946891,400000000.0
NoiseConvolutionJamming,0.0,offset_-1,100,100,0,13.021160872418983,1.2229152331404622,0.23969138569553058,-0.24289127150652978,-0.30359237476763823,1.0,0.8,291.4,0.15105199321504167,1.4209204231429033,0.01917836954817176,400000000.0
NoiseConvolutionJamming,0.0,offset_-16,100,100,0,4.362773154478654,3.2692996122745304,0.6407827240058079,-22.823792197273615,-28.529718531976496,0.2,12.8,294.47,0.7886374696251071,1.0386805062952917,0.01955124724190682,400000000.0
NoiseConvolutionJamming,0.0,offset_-2,100,100,0,13.018060857355012,1.2214899235512764,0.23941202501605016,-0.9509127569059964,-1.1886192315169712,1.0,1.6,291.86,0.29154986597006594,1.2845618062252533,0.019308760529384017,400000000.0
NoiseConvolutionJamming,0.0,offset_-32,100,100,0,-11.864439286406288,11.397029320118397,2.2338177467432057,-48.72070660716574,-60.90086154434164,0.2,25.6,296.15,0.8052450168202757,1.13676863010912,0.01968412776477635,400000000.0
NoiseConvolutionJamming,0.0,offset_-4,100,100,0,12.898206133444852,1.1666435457246436,0.22866213496203014,-3.8950883599169206,-4.868838735280628,1.0,3.2,292.4,0.533533044180947,1.4358694250306088,0.019327428890392184,400000000.0
NoiseConvolutionJamming,0.0,offset_-8,100,100,0,12.180875451030431,0.853692019221892,0.16732363576749082,-19.816139526252744,-24.770152693200416,1.0,6.4,292.43,0.7870941742641934,1.0888930158707242,0.019322058651596308,400000000.0
NoiseConvolutionJamming,0.0,random,100,100,64,-199.416221754244,146.94265817697936,32.40338774158628,-93.3358810971286,-137.90359686079853,0.19,1766.3,166.22,0.9904321333213744,1.3885386605065815,0.019459169707261026,400000000.0
NoiseConvolutionJamming,0.0,true,100,100,0,13.018951480723722,1.2218993768349027,0.23949227785964095,-8.685846209842596e-05,-8.685846209919741e-05,1.0,0.0,291.18,0.0,0.0,0.021107010543346405,400000000.0
NoiseConvolutionJamming,10.0,fixed_0,100,100,60,-8.401375979202871,29.12422763095576,9.025691651888945,-50.37409188338958,-100.74809690831707,0.2,2300.0,250.08,0.8088064861431161,1.1317870736236322,0.018955928389914334,400000000.0
NoiseConvolutionJamming,10.0,missing,100,100,60,-8.401375979202871,29.12422763095576,9.025691651888945,-50.37409188338958,-100.74809690831707,0.2,2300.0,250.08,0.8088064861431161,1.1317870736236322,0.018973726546391845,400000000.0
NoiseConvolutionJamming,10.0,offset_+1,100,100,0,22.85978749962253,1.9783920382785836,0.3877648395026024,-0.3018543450605612,-0.30359237476763723,1.0,1.0,291.84,0.19606650132850847,1.776094222931877,0.01887751219328493,400000000.0
NoiseConvolutionJamming,10.0,offset_+16,100,100,0,12.036373689475074,1.9852326647286243,0.38910560228681035,-28.501699208166965,-28.529718531976496,0.0,16.0,290.74,1.0407696575440963,1.2971153619840419,0.01892167143523693,400000000.0
NoiseConvolutionJamming,10.0,offset_+2,100,100,0,22.853696503612923,1.977666357368108,0.3876226060441491,-1.1851414314792919,-1.1886192315169712,1.0,2.0,291.36,0.3799393489827018,1.6055776775241537,0.018969968077726662,400000000.0
NoiseConvolutionJamming,10.0,offset_+32,100,100,0,-8.24497568321309,1.9889439036951038,0.38983300512424035,-60.84436354784307,-60.90086154434165,0.0,32.0,288.37,1.052990276351073,1.4186997961763188,0.018917470006272197,400000000.0
NoiseConvolutionJamming,10.0,offset_+4,100,100,0,22.697360449558555,1.9759109766290484,0.38727855141929346,-4.861876158740904,-4.868838735280628,1.0,4.0,290.73,0.6984813892164599,1.7946138505742095,0.018934960244223475,400000000.0
NoiseConvolutionJamming,10.0,offset_+8,100,100,0,21.795499766401498,1.9761527222246054,0.38732593355602263,-24.75619952191072,-24.77015269320042,1.0,8.0,290.4,1.0358573680329508,1.3605278810864265,0.018958718865178525,400000000.0
NoiseConvolutionJamming,10.0,offset_-1,100,100,0,22.860920041992443,1.979679845048447,0.38801724962949563,-0.24289127150652978,-0.30359237476763823,1.0,0.8,291.85,0.15679249931821557,1.4209204231429033,0.018842463032342494,400000000.0
NoiseConvolutionJamming,10.0,offset_-16,100,100,0,14.20253232405108,3.4262173409726677,0.6715385988306428,-22.823792197273615,-28.529718531976496,0.2,12.8,293.35,0.8260995057365739,1.0386805062952917,0.019049940165132284,400000000.0
NoiseConvolutionJamming,10.0,offset_-2,100,100,0,22.857820026928472,1.9786753398656038,0.3878203666136583,-0.9509127569059964,-1.1886192315169712,1.0,1.6,291.34,0.3026128745424934,1.2845618062252533,0.01886206038761884,400000000.0
NoiseConvolutionJamming,10.0,offset_-32,100,100,0,-2.0246801168325343,11.330077575831005,2.220695204862877,-48.72070660716574,-60.90086154434164,0.2,25.6,295.97,0.8538586594810266,1.13676863010912,0.019286671304143965,400000000.0
NoiseConvolutionJamming,10.0,offset_-4,100,100,0,22.7379653030183,1.9403989796731667,0.3803182000159407,-3.8950883599169206,-4.868838735280628,1.0,3.2,291.47,0.5531208618120635,1.4358694250306088,0.018941648886539042,400000000.0
NoiseConvolutionJamming,10.0,offset_-8,100,100,0,22.020634620603836,1.7375334139944074,0.34055654914290384,-19.816139526252744,-24.770152693200416,1.0,6.4,292.47,0.8163466414147053,1.0888930158707242,0.018984576454386115,400000000.0
NoiseConvolutionJamming,10.0,random,100,100,64,-189.7836027984194,147.13444007421268,32.44567895405627,-93.3358810971286,-137.90359686079853,0.19,1766.3,166.17,0.995741970922556,1.3885386605065815,0.018963301554322243,400000000.0
NoiseConvolutionJamming,10.0,true,100,100,0,22.85871065029718,1.9789638572875035,0.38787691602835067,-8.685846209842596e-05,-8.685846209919741e-05,1.0,0.0,292.13,0.0,0.0,0.02068171219434589,400000000.0
NoiseConvolutionJamming,20.0,fixed_0,100,100,60,-1.6133972096096165,29.186772391209,9.045074473903664,-50.37409188338958,-100.74809690831707,0.2,2300.0,250.38,0.9297419440175648,1.1317870736236322,0.01869836007244885,400000000.0
NoiseConvolutionJamming,20.0,missing,100,100,60,-1.6133972096096165,29.186772391209,9.045074473903664,-50.37409188338958,-100.74809690831707,0.2,2300.0,250.38,0.9297419440175648,1.1317870736236322,0.01873917004559189,400000000.0
NoiseConvolutionJamming,20.0,offset_+1,100,100,0,29.660311297665213,2.838517282071142,0.5563493872859439,-0.3018543450605612,-0.30359237476763723,1.0,1.0,290.68,0.31502299508182374,1.776094222931877,0.01877127680927515,400000000.0
NoiseConvolutionJamming,20.0,offset_+16,100,100,0,18.836897487518684,2.843333495722732,0.5572933651616554,-28.501699208166965,-28.529718531976496,0.0,16.0,290.55,1.525598513544398,1.2971153619840419,0.018694131285883486,400000000.0
NoiseConvolutionJamming,20.0,offset_+2,100,100,0,29.65422030165554,2.8380018546696233,0.5562483635152462,-1.1851414314792919,-1.1886192315169712,1.0,2.0,290.67,0.6221886441021368,1.6055776775241537,0.018883750890381634,400000000.0
NoiseConvolutionJamming,20.0,offset_+32,100,100,0,-1.4444518851702939,2.8459561688304635,0.5578074090907708,-60.84436354784307,-60.90086154434165,0.0,32.0,287.76,1.7091665763313824,1.4186997961763188,0.018750859890133142,400000000.0
NoiseConvolutionJamming,20.0,offset_+4,100,100,0,29.497884247601313,2.8367525173253068,0.55600349339576,-4.861876158740904,-4.868838735280628,1.0,4.0,290.33,1.1724375223886692,1.7946138505742095,0.01890497689601034,400000000.0
NoiseConvolutionJamming,20.0,offset_+8,100,100,0,28.596023564445005,2.836910320631768,0.5560344228438264,-24.75619952191072,-24.77015269320042,1.0,8.0,290.95,1.7585932047484303,1.3605278810864265,0.01868499501142651,400000000.0
NoiseConvolutionJamming,20.0,offset_-1,100,100,0,29.661443840034732,2.8394275161221656,0.5565277931599445,-0.24289127150652978,-0.30359237476763823,1.0,0.8,292.07,0.24349404045453515,1.4209204231429033,0.018532020621933043,400000000.0
NoiseConvolutionJamming,20.0,offset_-16,100,100,0,21.003056122095167,3.971132031305767,0.7783418781359304,-22.823792197273615,-28.529718531976496,0.2,12.8,294.77,1.3503387578057229,1.0386805062952917,0.018676690524443984,400000000.0
NoiseConvolutionJamming,20.0,offset_-2,100,100,0,29.658343824971087,2.8387201623459,0.5563891518197964,-0.9509127569059964,-1.1886192315169712,1.0,1.6,291.47,0.46484485820406735,1.2845618062252533,0.01858586969319731,400000000.0
NoiseConvolutionJamming,20.0,offset_-32,100,100,0,4.775843681210211,11.497444522942041,2.25349912649664,-48.72070660716574,-60.90086154434164,0.2,25.6,295.92,1.4184391457898864,1.13676863010912,0.018965875497087836,400000000.0
NoiseConvolutionJamming,20.0,offset_-4,100,100,0,29.538489101060332,2.8118974630472446,0.55113190275726,-3.8950883599169206,-4.868838735280628,1.0,3.2,292.15,0.8197047693709625,1.4358694250306088,0.01886785263195634,400000000.0
NoiseConvolutionJamming,20.0,offset_-8,100,100,0,28.82115841864663,2.67419626855279,0.5241424686363468,-19.816139526252744,-24.770152693200416,1.0,6.4,292.53,1.0973597481201949,1.0888930158707242,0.018652077997103333,400000000.0
NoiseConvolutionJamming,20.0,random,100,100,64,-182.91383020469377,146.92585157259018,32.39968159576451,-93.3358810971286,-137.90359686079853,0.19,1766.3,166.82,1.0697401643302635,1.3885386605065815,0.018714590114541352,400000000.0
NoiseConvolutionJamming,20.0,true,100,100,0,29.65923444833978,2.8389233130972977,0.5564289693670703,-8.685846209842596e-05,-8.685846209919741e-05,1.0,0.0,291.37,0.0,0.0,0.020322491764090955,400000000.0
NoiseConvolutionJamming,30.0,fixed_0,100,100,60,-0.10093674636953906,29.205360772424267,9.050835072923928,-50.37409188338958,-100.74809690831707,0.2,2300.0,250.63,1.0217701179902041,1.1317870736236322,0.019193333573639393,400000000.0
NoiseConvolutionJamming,30.0,missing,100,100,60,-0.10093674636953906,29.205360772424267,9.050835072923928,-50.37409188338958,-100.74809690831707,0.2,2300.0,250.63,1.0217701179902041,1.1317870736236322,0.019065840751864016,400000000.0
NoiseConvolutionJamming,30.0,offset_+1,100,100,0,31.175286744791773,3.0193295831071247,0.5917885982889964,-0.3018543450605612,-0.30359237476763723,1.0,1.0,291.61,0.2840624704500085,1.776094222931877,0.019010051619261503,400000000.0
NoiseConvolutionJamming,30.0,offset_+16,100,100,0,20.351872934645172,3.0238684311950292,0.5926782125142257,-28.501699208166965,-28.529718531976496,0.0,16.0,289.76,2.015681834471826,1.2971153619840419,0.018972520483657718,400000000.0
NoiseConvolutionJamming,30.0,offset_+2,100,100,0,31.16919574878217,3.0188437732535096,0.5916933795576879,-1.1851414314792919,-1.1886192315169712,1.0,2.0,291.19,0.5671182466372935,1.6055776775241537,0.019028314854949713,400000000.0
NoiseConvolutionJamming,30.0,offset_+32,100,100,0,0.07052356195615732,3.0263405389400058,0.5931627456322411,-60.84436354784307,-60.90086154434165,0.0,32.0,287.67,1.9683093667225282,1.4186997961763188,0.019034970900975168,400000000.0
NoiseConvolutionJamming,30.0,offset_+4,100,100,0,31.012859694727876,3.017666119885718,0.5914625594976007,-4.861876158740904,-4.868838735280628,1.0,4.0,291.54,1.1006421682265255,1.7946138505742095,0.019183242111466825,400000000.0
NoiseConvolutionJamming,30.0,offset_+8,100,100,0,30.110999011571565,3.017814381226759,0.5914916187204448,-24.75619952191072,-24.77015269320042,1.0,8.0,289.78,1.806826880014724,1.3605278810864265,0.01899292168673128,400000000.0
NoiseConvolutionJamming,30.0,offset_-1,100,100,0,31.17641928716167,3.0201874216137523,0.5919567346362954,-0.24289127150652978,-0.30359237476763823,1.0,0.8,291.86,0.21879812578817914,1.4209204231429033,0.01896505185868591,400000000.0
NoiseConvolutionJamming,30.0,offset_-16,100,100,0,22.51803156922169,4.099082598632341,0.8034201893319388,-22.823792197273615,-28.529718531976496,0.2,12.8,295.05,1.5459306930634427,1.0386805062952917,0.019263321300968528,400000000.0
NoiseConvolutionJamming,30.0,offset_-2,100,100,0,31.173319272097693,3.0195208358967194,0.591826083835757,-0.9509127569059964,-1.1886192315169712,1.0,1.6,291.28,0.42239200881698946,1.2845618062252533,0.01893713662866503,400000000.0
NoiseConvolutionJamming,30.0,offset_-32,100,100,0,6.290819128336696,11.540103085303198,2.2618602047194267,-48.72070660716574,-60.90086154434164,0.2,25.6,296.38,1.6370624177483761,1.13676863010912,0.01938540895935148,400000000.0
NoiseConvolutionJamming,30.0,offset_-4,100,100,0,31.053464548187538,2.994256675372152,0.5868743083729417,-3.8950883599169206,-4.868838735280628,1.0,3.2,292.0,0.7904575858671613,1.4358694250306088,0.019303738372400403,400000000.0
NoiseConvolutionJamming,30.0,offset_-8,100,100,0,30.336133865773306,2.864948103782462,0.5615298283413626,-19.816139526252744,-24.770152693200416,1.0,6.4,293.61,1.3065540649773584,1.0888930158707242,0.019225358264520764,400000000.0
NoiseConvolutionJamming,30.0,random,100,100,64,-181.2926565728951,147.00063928635012,32.4161735751348,-93.3358810971286,-137.90359686079853,0.19,1766.3,166.88,1.1185586657195221,1.3885386605065815,0.019095010356977582,400000000.0
NoiseConvolutionJamming,30.0,true,100,100,0,31.174209895466404,3.0197122763899236,0.591863606172425,-8.685846209842596e-05,-8.685846209919741e-05,1.0,0.0,292.04,0.0,0.0,0.020635411492548883,400000000.0
NoiseProductJamming,0.0,fixed_0,100,100,60,-18.22640816629705,30.59883716920419,9.482677882315818,-50.37409188338958,-100.74809690831707,0.2,2300.0,251.14,0.8000206313350489,1.1317870736236322,0.017047948203980923,400000000.0
NoiseProductJamming,0.0,missing,100,100,60,-18.22640816629705,30.59883716920419,9.482677882315818,-50.37409188338958,-100.74809690831707,0.2,2300.0,251.14,0.8000206313350489,1.1317870736236322,0.016982537927106023,400000000.0
NoiseProductJamming,0.0,offset_+1,100,100,0,12.085567563019124,0.6544243276312741,0.12826716821572973,-0.3018543450605612,-0.30359237476763723,1.0,1.0,291.56,0.18843385407106664,1.776094222931877,0.016996640479192138,400000000.0
NoiseProductJamming,0.0,offset_+16,100,100,0,1.2621537528711446,0.655499900676374,0.12847798053256929,-28.501699208166965,-28.529718531976496,0.0,16.0,291.48,0.9892823296634738,1.2971153619840419,0.016915859887376428,400000000.0
NoiseProductJamming,0.0,offset_+2,100,100,0,12.079476567009522,0.6545306765594611,0.12828801260565437,-1.1851414314792919,-1.1886192315169712,1.0,2.0,290.91,0.3641357981726919,1.6055776775241537,0.01694659877102822,400000000.0
NoiseProductJamming,0.0,offset_+32,100,100,0,-19.01919561981681,0.6558856419443349,0.1285535858210896,-60.84436354784307,-60.90086154434165,0.0,32.0,287.01,1.0055883603235727,1.4186997961763188,0.0170533440541476,400000000.0
NoiseProductJamming,0.0,offset_+4,100,100,0,11.923140512955186,0.6550636631516153,0.1283924779777166,-4.861876158740904,-4.868838735280628,1.0,4.0,291.16,0.6667246476250323,1.7946138505742095,0.016849563689902425,400000000.0
NoiseProductJamming,0.0,offset_+8,100,100,0,11.021279829793857,0.6559024624449334,0.12855688263920695,-24.75619952191072,-24.77015269320042,1.0,8.0,290.94,0.9825591996326548,1.3605278810864265,0.01687588111963123,400000000.0
NoiseProductJamming,0.0,offset_-1,100,100,0,12.086700105389038,0.6544545870491919,0.1282730990616416,-0.24289127150652978,-0.30359237476763823,1.0,0.8,292.7,0.15113178479381403,1.4209204231429033,0.016750008217059076,400000000.0
NoiseProductJamming,0.0,offset_-16,100,100,0,3.428312387448605,4.3470776133865625,0.8520272122237662,-22.823792197273615,-28.529718531976496,0.2,12.8,295.27,0.7921242500577884,1.0386805062952917,0.017121699638664722,400000000.0
NoiseProductJamming,0.0,offset_-2,100,100,0,12.083600090325065,0.6543302826476765,0.1282487353989446,-0.9509127569059964,-1.1886192315169712,1.0,1.6,291.86,0.29174218049627965,1.2845618062252533,0.016943758819252253,400000000.0
NoiseProductJamming,0.0,offset_-32,100,100,0,-12.798900053436473,12.469377883647827,2.443998065194974,-48.72070660716574,-60.90086154434164,0.2,25.6,296.73,0.8033085786379844,1.13676863010912,0.017276745638810098,400000000.0
NoiseProductJamming,0.0,offset_-4,100,100,0,11.963745366414903,0.6523644870144897,0.12786343945483997,-3.8950883599169206,-4.868838735280628,1.0,3.2,292.59,0.5339983317861505,1.4358694250306088,0.01696289691608399,400000000.0
NoiseProductJamming,0.0,offset_-8,100,100,0,11.246414684000465,0.7495662105436334,0.14691497726655214,-19.816139526252744,-24.770152693200416,1.0,6.4,293.36,0.7880884855397858,1.0888930158707242,0.016932503203861415,400000000.0
NoiseProductJamming,0.0,random,100,100,64,-200.20542785793307,146.7697115075604,32.36525002135361,-93.3358810971286,-137.90359686079853,0.19,1766.3,166.88,0.990490785030047,1.3885386605065815,0.017110841581597924,400000000.0
NoiseProductJamming,0.0,true,100,100,0,12.08449071369378,0.6543656176118028,0.12825566105191336,-8.685846209842596e-05,-8.685846209919741e-05,1.0,0.0,292.1,0.0,0.0,0.018950822413899004,400000000.0
NoiseProductJamming,10.0,fixed_0,100,100,60,-9.1118172256509,30.63935618931931,9.49523485674377,-50.37409188338958,-100.74809690831707,0.2,2300.0,249.52,0.8001159776737101,1.1317870736236322,0.020658387802541256,400000000.0
NoiseProductJamming,10.0,missing,100,100,60,-9.1118172256509,30.63935618931931,9.49523485674377,-50.37409188338958,-100.74809690831707,0.2,2300.0,249.52,0.8001159776737101,1.1317870736236322,0.02035746758338064,400000000.0
NoiseProductJamming,10.0,offset_+1,100,100,0,21.24965866794727,1.528857771676675,0.2996561232486283,-0.3018543450605612,-0.30359237476763723,1.0,1.0,290.97,0.1954771650585952,1.776094222931877,0.020344119402579963,400000000.0
NoiseProductJamming,10.0,offset_+16,100,100,0,10.4262448578004,1.5293755572451309,0.2997576092200457,-28.501699208166965,-28.529718531976496,0.0,16.0,289.79,1.0525837868843855,1.2971153619840419,0.020422147354111075,400000000.0
NoiseProductJamming,10.0,offset_+2,100,100,0,21.243567671937644,1.528787832675227,0.29964241520434454,-1.1851414314792919,-1.1886192315169712,1.0,2.0,291.28,0.3782614354197921,1.6055776775241537,0.020420000655576587,400000000.0
NoiseProductJamming,10.0,offset_+32,100,100,0,-9.85510451488864,1.5297118768697353,0.29982352786646815,-60.84436354784307,-60.90086154434165,0.0,32.0,287.81,1.0505339722737768,1.4186997961763188,0.020555397495627403,400000000.0
NoiseProductJamming,10.0,offset_+4,100,100,0,21.087231617883305,1.5286801681230295,0.2996213129521138,-4.861876158740904,-4.868838735280628,1.0,4.0,290.96,0.6942180636507409,1.7946138505742095,0.02039462618995458,400000000.0
NoiseProductJamming,10.0,offset_+8,100,100,0,20.18537093472621,1.5287898994013507,0.29964282028266476,-24.75619952191072,-24.77015269320042,1.0,8.0,290.87,1.0286656721044656,1.3605278810864265,0.02044364926405251,400000000.0
NoiseProductJamming,10.0,offset_-1,100,100,0,21.25079121031718,1.5289737513570545,0.2996788552659827,-0.24289127150652978,-0.30359237476763823,1.0,0.8,291.34,0.15663869983070236,1.4209204231429033,0.02035076031461358,400000000.0
NoiseProductJamming,10.0,offset_-16,100,100,0,12.592403492376897,4.541795523889161,0.8901919226822755,-22.823792197273615,-28.529718531976496,0.2,12.8,294.3,0.8505987117907208,1.0386805062952917,0.020579120027832687,400000000.0
NoiseProductJamming,10.0,offset_-2,100,100,0,21.2476911952532,1.5288993827771507,0.2996642790243215,-0.9509127569059964,-1.1886192315169712,1.0,1.6,291.51,0.3027819237927767,1.2845618062252533,0.020609613275155425,400000000.0
NoiseProductJamming,10.0,offset_-32,100,100,0,-3.6348089485078323,12.525278704481051,2.454954626078286,-48.72070660716574,-60.90086154434164,0.2,25.6,295.72,0.8308026011090479,1.13676863010912,0.02083082974422723,400000000.0
NoiseProductJamming,10.0,offset_-4,100,100,0,21.127836471343034,1.5272403288342264,0.2993391044515084,-3.8950883599169206,-4.868838735280628,1.0,3.2,291.75,0.5555304963781815,1.4358694250306088,0.02042915904894471,400000000.0
NoiseProductJamming,10.0,offset_-8,100,100,0,20.410505788928557,1.5664571159504668,0.3070255947262915,-19.816139526252744,-24.770152693200416,1.0,6.4,293.13,0.8283658530661765,1.0888930158707242,0.020505348802544177,400000000.0
NoiseProductJamming,10.0,random,100,100,64,-191.05462974000886,146.85646901653254,32.384381546790785,-93.3358810971286,-137.90359686079853,0.19,1766.3,166.32,0.9974347993205005,1.3885386605065815,0.02053126401733607,400000000.0
NoiseProductJamming,10.0,true,100,100,0,21.24858181862191,1.5289205864511641,0.2996684349444282,-8.685846209842596e-05,-8.685846209919741e-05,1.0,0.0,291.57,0.0,0.0,0.02282463014125824,400000000.0
NoiseProductJamming,20.0,fixed_0,100,100,60,-3.0963827745936063,30.67328227228164,9.505748658780151,-50.37409188338958,-100.74809690831707,0.2,2300.0,249.33,0.8014298279108414,1.1317870736236322,0.019489600090309978,400000000.0
NoiseProductJamming,20.0,missing,100,100,60,-3.0963827745936063,30.67328227228164,9.505748658780151,-50.37409188338958,-100.74809690831707,0.2,2300.0,249.33,0.8014298279108414,1.1317870736236322,0.019428330706432462,400000000.0
NoiseProductJamming,20.0,offset_+1,100,100,0,27.27049751511947,2.0805766198649156,0.4077930174935235,-0.3018543450605612,-0.30359237476763723,1.0,1.0,290.14,0.25962081085657646,1.776094222931877,0.01928002166096121,400000000.0
NoiseProductJamming,20.0,offset_+16,100,100,0,16.447083704972883,2.080960862149517,0.40786832898130526,-28.501699208166965,-28.529718531976496,0.0,16.0,291.14,1.5306256244572631,1.2971153619840419,0.019443718483671546,400000000.0
NoiseProductJamming,20.0,offset_+2,100,100,0,27.264406519109848,2.08051587699426,0.4077811118908749,-1.1851414314792919,-1.1886192315169712,1.0,2.0,291.5,0.5076184338772967,1.6055776775241537,0.019381248857825994,400000000.0
NoiseProductJamming,20.0,offset_+32,100,100,0,-3.834265667716108,2.0812215344689546,0.40791942075591514,-60.84436354784307,-60.90086154434165,0.0,32.0,287.43,1.334872513364469,1.4186997961763188,0.019357959972694516,400000000.0
NoiseProductJamming,20.0,offset_+4,100,100,0,27.10807046505517,2.0804095180920945,0.4077602655460505,-4.861876158740904,-4.868838735280628,1.0,4.0,290.63,0.9494616449163665,1.7946138505742095,0.019406998180784285,400000000.0
NoiseProductJamming,20.0,offset_+8,100,100,0,26.20620978189927,2.080469676747917,0.4077720566425918,-24.75619952191072,-24.77015269320042,1.0,8.0,290.42,1.4660077054539613,1.3605278810864265,0.019311277428641915,400000000.0
NoiseProductJamming,20.0,offset_-1,100,100,0,27.271630057489336,2.0806701018462443,0.40781133996186386,-0.24289127150652978,-0.30359237476763823,1.0,0.8,291.37,0.20828342104978304,1.4209204231429033,0.01925959950312972,400000000.0
NoiseProductJamming,20.0,offset_-16,100,100,0,18.613242339549416,4.754055845193048,0.9317949456578374,-22.823792197273615,-28.529718531976496,0.2,12.8,294.16,1.2610857101225872,1.0386805062952917,0.019560912041924894,400000000.0
NoiseProductJamming,20.0,offset_-2,100,100,0,27.268530042424995,2.080613858995019,0.4078003163630237,-0.9509127569059964,-1.1886192315169712,1.0,1.6,291.51,0.4045901643203581,1.2845618062252533,0.019445440848357975,400000000.0
NoiseProductJamming,20.0,offset_-32,100,100,0,2.386029898664434,12.602444413202145,2.47007910498762,-48.72070660716574,-60.90086154434164,0.2,25.6,296.49,1.0487946908000396,1.13676863010912,0.019757054396905005,400000000.0
NoiseProductJamming,20.0,offset_-4,100,100,0,27.148675318515266,2.0793333951230726,0.40754934544412225,-3.8950883599169206,-4.868838735280628,1.0,3.2,291.99,0.747171637408183,1.4358694250306088,0.019530438585206866,400000000.0
NoiseProductJamming,20.0,offset_-8,100,100,0,26.431344636101027,2.1079423413138882,0.4131566988975221,-19.816139526252744,-24.770152693200416,1.0,6.4,292.31,1.1448033159165156,1.0888930158707242,0.01942833769135177,400000000.0
NoiseProductJamming,20.0,random,100,100,64,-185.13082300457765,146.8730781734529,32.38804415204393,-93.3358810971286,-137.90359686079853,0.19,1766.3,166.45,1.052972744693253,1.3885386605065815,0.019364579929970205,400000000.0
NoiseProductJamming,20.0,true,100,100,0,27.26942066579413,2.0806298980901867,0.4078034600256766,-8.685846209842596e-05,-8.685846209919741e-05,1.0,0.0,291.17,0.0,0.0,0.02150755957700312,400000000.0
NoiseProductJamming,30.0,fixed_0,100,100,60,-1.7477262475532682,30.706243288078532,9.515963383403426,-50.37409188338958,-100.74809690831707,0.2,2300.0,250.45,0.8041792650815117,1.1317870736236322,0.019340779981575906,400000000.0
NoiseProductJamming,30.0,missing,100,100,60,-1.7477262475532682,30.706243288078532,9.515963383403426,-50.37409188338958,-100.74809690831707,0.2,2300.0,250.45,0.8041792650815117,1.1317870736236322,0.019147892016917467,400000000.0
NoiseProductJamming,30.0,offset_+1,100,100,0,28.619797898894053,2.515758029914452,0.49308857386323257,-0.3018543450605612,-0.30359237476763723,1.0,1.0,291.26,0.39051579044883566,1.776094222931877,0.019295380916446447,400000000.0
NoiseProductJamming,30.0,offset_+16,100,100,0,17.79638408874757,2.51607638847341,0.4931509721407883,-28.501699208166965,-28.529718531976496,0.0,16.0,291.68,2.565192610647312,1.2971153619840419,0.01918874040711671,400000000.0
NoiseProductJamming,30.0,offset_+2,100,100,0,28.613706902884573,2.515706823086839,0.49307853732502044,-1.1851414314792919,-1.1886192315169712,1.0,2.0,291.41,0.7653891623966068,1.6055776775241537,0.019190769526176155,400000000.0
NoiseProductJamming,30.0,offset_+32,100,100,0,-2.4849652839414476,2.5162934626815385,0.49319351868558153,-60.84436354784307,-60.90086154434165,0.0,32.0,287.4,1.837770351970645,1.4186997961763188,0.019396687275730073,400000000.0
NoiseProductJamming,30.0,offset_+4,100,100,0,28.457370848830287,2.5156160412554796,0.49306074408607403,-4.861876158740904,-4.868838735280628,1.0,4.0,290.1,1.4414799756917906,1.7946138505742095,0.019183704280294478,400000000.0
NoiseProductJamming,30.0,offset_+8,100,100,0,27.555510165673983,2.515663714237543,0.4930700879905584,-24.75619952191072,-24.77015269320042,1.0,8.0,290.59,2.3225986194571955,1.3605278810864265,0.019165833946317434,400000000.0
NoiseProductJamming,30.0,offset_-1,100,100,0,28.62093044126407,2.5158362178627964,0.4931038987011081,-0.24289127150652978,-0.30359237476763823,1.0,0.8,291.93,0.3148460419146569,1.4209204231429033,0.019126273109577596,400000000.0
NoiseProductJamming,30.0,offset_-16,100,100,0,19.962542723324095,4.959701577373454,0.9721015091651969,-22.823792197273615,-28.529718531976496,0.2,12.8,294.69,2.3653788371591715,1.0386805062952917,0.0193436979316175,400000000.0
NoiseProductJamming,30.0,offset_-2,100,100,0,28.617830426200104,2.5157895128481327,0.493094744518234,-0.9509127569059964,-1.1886192315169712,1.0,1.6,291.58,0.6177630471441752,1.2845618062252533,0.01925579970702529,400000000.0
NoiseProductJamming,30.0,offset_-32,100,100,0,3.735330282439088,12.681255677523641,2.4855261127946333,-48.72070660716574,-60.90086154434164,0.2,25.6,296.13,1.506389252219446,1.13676863010912,0.019595840713009238,400000000.0
NoiseProductJamming,30.0,offset_-4,100,100,0,28.497975702289956,2.514723268452684,0.4928857606167261,-3.8950883599169206,-4.868838735280628,1.0,3.2,291.73,1.1652460348934846,1.4358694250306088,0.01931627106387168,400000000.0
NoiseProductJamming,30.0,offset_-8,100,100,0,27.780645019875713,2.5383863033039487,0.49752371544757396,-19.816139526252744,-24.770152693200416,1.0,6.4,292.6,1.9036061209855928,1.0888930158707242,0.01918128749821335,400000000.0
NoiseProductJamming,30.0,random,100,100,64,-183.86379027850901,146.78150620369377,32.3678509550569,-93.3358810971286,-137.90359686079853,0.19,1766.3,166.33,1.1185271252254816,1.3885386605065815,0.019264170550741255,400000000.0
NoiseProductJamming,30.0,true,100,100,0,28.61872104956879,2.5158028323484847,0.49309735514030295,-8.685846209842596e-05,-8.685846209919741e-05,1.0,0.0,290.98,0.0,0.0,0.020989992190152407,400000000.0
SMSP,0.0,fixed_0,100,100,60,-18.410970555693883,28.871016373655568,8.947220670267116,-50.37409188338958,-100.74809690831707,0.2,2300.0,250.3,0.8000336515007234,1.1317870736236322,0.020125398295931518,400000000.0
SMSP,0.0,missing,100,100,60,-18.410970555693883,28.871016373655568,8.947220670267116,-50.37409188338958,-100.74809690831707,0.2,2300.0,250.3,0.8000336515007234,1.1317870736236322,0.020024589612148702,400000000.0
SMSP,0.0,offset_+1,100,100,0,12.935482146259623,1.429304726805932,0.2801437264539627,-0.3018543450605612,-0.30359237476763723,1.0,1.0,292.33,0.19116836180888938,1.776094222931877,0.020089138415642083,400000000.0
SMSP,0.0,offset_+16,100,100,0,2.1120683361123964,1.4399372700744102,0.2822277049345844,-28.501699208166965,-28.529718531976496,0.0,16.0,290.0,0.982801303214032,1.2971153619840419,0.020042521646246314,400000000.0
SMSP,0.0,offset_+2,100,100,0,12.929391150250012,1.4282695301042239,0.2799408279004279,-1.1851414314792919,-1.1886192315169712,1.0,2.0,291.03,0.36961909531551607,1.6055776775241537,0.020030869054608047,400000000.0
SMSP,0.0,offset_+32,100,100,0,-18.169281036576052,1.445562712614894,0.2833302916725192,-60.84436354784307,-60.90086154434165,0.0,32.0,288.13,1.0075574624960668,1.4186997961763188,0.019929989939555526,400000000.0
SMSP,0.0,offset_+4,100,100,0,12.773055096195652,1.4258031619153608,0.2794574197354107,-4.861876158740904,-4.868838735280628,1.0,4.0,290.45,0.6765377607955382,1.7946138505742095,0.02000961161684245,400000000.0
SMSP,0.0,offset_+8,100,100,0,11.871194413028622,1.4263809031611878,0.2795706570195928,-24.75619952191072,-24.77015269320042,1.0,8.0,290.82,0.9929891027403153,1.3605278810864265,0.019948288099840283,400000000.0
SMSP,0.0,offset_-1,100,100,0,12.93661468862954,1.431228593308983,0.28052080428856063,-0.24289127150652978,-0.30359237476763823,1.0,0.8,291.01,0.15328550222163412,1.4209204231429033,0.01992582925595343,400000000.0
SMSP,0.0,offset_-16,100,100,0,4.278226970689353,2.92599113552814,0.5734942625635154,-22.823792197273615,-28.529718531976496,0.2,12.8,294.58,0.7867420523874751,1.0386805062952917,0.02031083160545677,400000000.0
SMSP,0.0,offset_-2,100,100,0,12.933514673565565,1.4296754221734693,0.28021638274599997,-0.9509127569059964,-1.1886192315169712,1.0,1.6,291.69,0.29587853279859516,1.2845618062252533,0.019935407326556742,400000000.0
SMSP,0.0,offset_-32,100,100,0,-11.948985470195739,11.078943596281551,2.171472944871184,-48.72070660716574,-60.90086154434164,0.2,25.6,296.76,0.8015307599554248,1.13676863010912,0.020505773718468845,400000000.0
SMSP,0.0,offset_-4,100,100,0,12.813659949655408,1.3696338466054365,0.26844823393466555,-3.8950883599169206,-4.868838735280628,1.0,3.2,291.86,0.540902730032921,1.4358694250306088,0.020186672336421907,400000000.0
SMSP,0.0,offset_-8,100,100,0,12.096329267241051,1.0107514854890385,0.19810729115585152,-19.816139526252744,-24.770152693200416,1.0,6.4,292.69,0.7931810530181377,1.0888930158707242,0.019965399405919015,400000000.0
SMSP,0.0,random,100,100,64,-199.7027943010584,147.15713616662745,32.45068383345521,-93.3358810971286,-137.90359686079853,0.18,1766.3,166.69,0.9905236811608593,1.3885386605065815,0.020139635889790952,400000000.0
SMSP,0.0,true,100,100,0,12.934405296934276,1.4301216417136946,0.28030384177588413,-8.685846209842596e-05,-8.685846209919741e-05,1.0,0.0,291.54,0.0,0.0,0.021784579730592668,400000000.0
SMSP,10.0,fixed_0,100,100,60,-8.41945315629637,28.636503024823835,8.874544230512972,-50.37409188338958,-100.74809690831707,0.2,2300.0,250.38,0.800375825321065,1.1317870736236322,0.019531278521753848,400000000.0
SMSP,10.0,missing,100,100,60,-8.41945315629637,28.636503024823835,8.874544230512972,-50.37409188338958,-100.74809690831707,0.2,2300.0,250.38,0.800375825321065,1.1317870736236322,0.019253723439760506,400000000.0
SMSP,10.0,offset_+1,100,100,0,23.108023719908214,1.6345244026922139,0.3203667829276739,-0.3018543450605612,-0.30359237476763723,1.0,1.0,291.86,0.2079730029001254,1.776094222931877,0.019233730854466558,400000000.0
SMSP,10.0,offset_+16,100,100,0,12.284609909761272,1.6451063585815273,0.32244084628197933,-28.501699208166965,-28.529718531976496,0.0,16.0,290.94,0.9959864438947023,1.2971153619840419,0.01932118961121887,400000000.0
SMSP,10.0,offset_+2,100,100,0,23.101932723898585,1.6334059337861422,0.32014756302208386,-1.1851414314792919,-1.1886192315169712,1.0,2.0,291.08,0.4036902207988176,1.6055776775241537,0.01931294857058674,400000000.0
SMSP,10.0,offset_+32,100,100,0,-7.996739462927344,1.6508168471088382,0.3235601020333323,-60.84436354784307,-60.90086154434165,0.0,32.0,287.54,1.0738180158231174,1.4186997961763188,0.0191258208360523,400000000.0
SMSP,10.0,offset_+4,100,100,0,22.94559666984403,1.6306827438429055,0.31961381779320946,-4.861876158740904,-4.868838735280628,1.0,4.0,290.3,0.7413977018274615,1.7946138505742095,0.019292471115477383,400000000.0
SMSP,10.0,offset_+8,100,100,0,22.043735986687253,1.6310362426289668,0.3196831035552775,-24.75619952191072,-24.77015269320042,1.0,8.0,290.27,1.0801736204510697,1.3605278810864265,0.01914002001285553,400000000.0
SMSP,10.0,offset_-1,100,100,0,23.109156262278155,1.6365123101236425,0.32075641278423395,-0.24289127150652978,-0.30359237476763823,1.0,0.8,291.68,0.16577588533900606,1.4209204231429033,0.019233814091421664,400000000.0
SMSP,10.0,offset_-16,100,100,0,14.45076854433808,2.7178258104887383,0.5326938588557927,-22.823792197273615,-28.529718531976496,0.2,12.8,295.51,0.8058261566237541,1.0386805062952917,0.01943916839081794,400000000.0
SMSP,10.0,offset_-2,100,100,0,23.106056247214184,1.6349563767762958,0.320451449848154,-0.9509127569059964,-1.1886192315169712,1.0,1.6,292.53,0.319646117278672,1.2845618062252533,0.01917678164318204,400000000.0
SMSP,10.0,offset_-32,100,100,0,-1.7764438965468257,10.871381924270823,2.1307908571570815,-48.72070660716574,-60.90086154434164,0.2,25.6,297.1,0.8324629494467503,1.13676863010912,0.019510461715981364,400000000.0
SMSP,10.0,offset_-4,100,100,0,22.98620152330403,1.5748029480509433,0.30866137781798486,-3.8950883599169206,-4.868838735280628,1.0,3.2,293.68,0.5805117384595093,1.4358694250306088,0.019420082098804414,400000000.0
SMSP,10.0,offset_-8,100,100,0,22.268870840889726,1.2149500195873366,0.23813020383911798,-19.816139526252744,-24.770152693200416,1.0,6.4,293.41,0.8312185737468014,1.0888930158707242,0.0193021324230358,400000000.0
SMSP,10.0,random,100,100,64,-189.53939582505996,147.17727286641124,32.455124322684306,-93.3358810971286,-137.90359686079853,0.18,1766.3,167.31,0.9980144407579552,1.3885386605065815,0.01930123777128756,400000000.0
SMSP,10.0,true,100,100,0,23.106946870582885,1.635403390534958,0.32053906454485176,-8.685846209842596e-05,-8.685846209919741e-05,1.0,0.0,292.28,0.0,0.0,0.020877505303360522,400000000.0
SMSP,20.0,fixed_0,100,100,60,0.6555049732260869,28.735446885198584,8.905207250521816,-50.37409188338958,-100.74809690831707,0.2,2300.0,249.76,0.8057247565350772,1.1317870736236322,0.019121269579045475,400000000.0
SMSP,20.0,missing,100,100,60,0.6555049732260869,28.735446885198584,8.905207250521816,-50.37409188338958,-100.74809690831707,0.2,2300.0,249.76,0.8057247565350772,1.1317870736236322,0.018972520483657718,400000000.0
SMSP,20.0,offset_+1,100,100,0,32.12890413469873,1.5572026690379834,0.30521172313144473,-0.3018543450605612,-0.30359237476763723,1.0,1.0,290.24,0.3334188749754637,1.776094222931877,0.019179238588549197,400000000.0
SMSP,20.0,offset_+16,100,100,0,21.305490324552256,1.5677830423323067,0.3072854762971321,-28.501699208166965,-28.529718531976496,0.0,16.0,290.73,1.1785769372686503,1.2971153619840419,0.018997099832631648,400000000.0
SMSP,20.0,offset_+2,100,100,0,32.12281313868893,1.556074182204005,0.304990539711985,-1.1851414314792919,-1.1886192315169712,1.0,2.0,291.07,0.6591474985057535,1.6055776775241537,0.019002530607394874,400000000.0
SMSP,20.0,offset_+32,100,100,0,1.0241409518632907,1.5735056725553478,0.3084071118208481,-60.84436354784307,-60.90086154434165,0.0,32.0,288.16,1.7679322429604374,1.4186997961763188,0.018955367850139737,400000000.0
SMSP,20.0,offset_+4,100,100,0,31.96647708463464,1.5533248240899413,0.3044516655216285,-4.861876158740904,-4.868838735280628,1.0,4.0,291.14,1.2392525718959588,1.7946138505742095,0.01905419339891523,400000000.0
SMSP,20.0,offset_+8,100,100,0,31.06461640147867,1.5536616568235482,0.3045176847374155,-24.75619952191072,-24.77015269320042,1.0,8.0,290.53,1.8251861638427516,1.3605278810864265,0.019102905644103885,400000000.0
SMSP,20.0,offset_-1,100,100,0,32.130036677068745,1.5591992378896464,0.30560305062637066,-0.24289127150652978,-0.30359237476763823,1.0,0.8,291.46,0.2581993125097393,1.4209204231429033,0.01900702714920044,400000000.0
SMSP,20.0,offset_-16,100,100,0,23.471648959128796,2.793454349950534,0.5475170525903047,-22.823792197273615,-28.529718531976496,0.2,12.8,294.71,1.0575490885440841,1.0386805062952917,0.01929547986947,400000000.0
SMSP,20.0,offset_-2,100,100,0,32.12693666200478,1.5576423545516753,0.3052979014921283,-0.9509127569059964,-1.1886192315169712,1.0,1.6,292.59,0.49426063014852867,1.2845618062252533,0.019012941629625857,400000000.0
SMSP,20.0,offset_-32,100,100,0,7.244436518243812,10.947514451028669,2.145712832401619,-48.72070660716574,-60.90086154434164,0.2,25.6,296.48,1.2500518008948842,1.13676863010912,0.019329969072714448,400000000.0
SMSP,20.0,offset_-4,100,100,0,32.00708193809464,1.4974508597604415,0.2935003685130465,-3.8950883599169206,-4.868838735280628,1.0,3.2,291.6,0.8709376285620394,1.4358694250306088,0.01919797796290368,400000000.0
SMSP,20.0,offset_-8,100,100,0,31.289751255680393,1.1372981928684593,0.22291044580221803,-19.816139526252744,-24.770152693200416,1.0,6.4,292.99,1.1187849044626668,1.0888930158707242,0.01909497019369155,400000000.0
SMSP,20.0,random,100,100,64,-180.5122580432872,147.1624888754023,32.45186419795964,-93.3358810971286,-137.90359686079853,0.18,1766.3,166.82,1.0864574052083857,1.3885386605065815,0.01900459115859121,400000000.0
SMSP,20.0,true,100,100,0,32.127827285373456,1.558089641411557,0.3053855697166652,-8.685846209842596e-05,-8.685846209919741e-05,1.0,0.0,291.35,0.0,0.0,0.020744118955917656,400000000.0
SMSP,30.0,fixed_0,100,100,60,1.193473544263849,28.60431403816072,8.864568760197006,-50.37409188338958,-100.74809690831707,0.2,2300.0,250.24,0.8057337550829853,1.1317870736236322,0.019381283200345933,400000000.0
SMSP,30.0,missing,100,100,60,1.193473544263849,28.60431403816072,8.864568760197006,-50.37409188338958,-100.74809690831707,0.2,2300.0,250.24,0.8057337550829853,1.1317870736236322,0.01930583326611668,400000000.0
SMSP,30.0,offset_+1,100,100,0,32.74511480577389,1.6607519802342157,0.32550738812590624,-0.3018543450605612,-0.30359237476763723,1.0,1.0,290.29,0.3091266111988615,1.776094222931877,0.0193649873835966,400000000.0
SMSP,30.0,offset_+16,100,100,0,21.92170099562728,1.6713384232472512,0.3275823309564613,-28.501699208166965,-28.529718531976496,0.0,16.0,290.57,1.176037557219382,1.2971153619840419,0.019296230748295784,400000000.0
SMSP,30.0,offset_+2,100,100,0,32.73902380976429,1.6596234017398832,0.3252861867410171,-1.1851414314792919,-1.1886192315169712,1.0,2.0,291.26,0.6124607525084492,1.6055776775241537,0.019285015878267586,400000000.0
SMSP,30.0,offset_+32,100,100,0,1.64035162293827,1.6770634993068636,0.32870444586414527,-60.84436354784307,-60.90086154434165,0.0,32.0,288.37,1.7441229772219886,1.4186997961763188,0.0192037207307294,400000000.0
SMSP,30.0,offset_+4,100,100,0,32.582687755710005,1.6568696460152499,0.324746450618989,-4.861876158740904,-4.868838735280628,1.0,4.0,290.1,1.1594542404365904,1.7946138505742095,0.019339569262228906,400000000.0
SMSP,30.0,offset_+8,100,100,0,31.68082707255369,1.6571989621747456,0.3248109965862501,-24.75619952191072,-24.77015269320042,1.0,8.0,290.78,1.745988806422249,1.3605278810864265,0.01925329735968262,400000000.0
SMSP,30.0,offset_-1,100,100,0,32.7462473481438,1.6627487239593095,0.3258987498960247,-0.24289127150652978,-0.30359237476763823,1.0,0.8,291.09,0.2385621258297618,1.4209204231429033,0.019237094093114138,400000000.0
SMSP,30.0,offset_-16,100,100,0,24.087859630203813,2.6886478448667823,0.5269749775938893,-22.823792197273615,-28.529718531976496,0.2,12.8,294.17,1.0555277875434743,1.0386805062952917,0.019449605024419725,400000000.0
SMSP,30.0,offset_-2,100,100,0,32.74314733307982,1.661191013639249,0.32559343867329277,-0.9509127569059964,-1.1886192315169712,1.0,1.6,291.22,0.45581784044686663,1.2845618062252533,0.01921753922943026,400000000.0
SMSP,30.0,offset_-32,100,100,0,7.860647189318811,10.843036192916225,2.12523509381158,-48.72070660716574,-60.90086154434164,0.2,25.6,295.08,1.2618945219988484,1.13676863010912,0.01950918696820736,400000000.0
SMSP,30.0,offset_-4,100,100,0,32.623292609169674,1.6009662051297096,0.3137893762054231,-3.8950883599169206,-4.868838735280628,1.0,3.2,292.0,0.8022062881494699,1.4358694250306088,0.019395817653276026,400000000.0
SMSP,30.0,offset_-8,100,100,0,31.905961926755435,1.240538938021885,0.24314563185228946,-19.816139526252744,-24.770152693200416,1.0,6.4,292.13,1.039782406479655,1.0888930158707242,0.019348397618159652,400000000.0
SMSP,30.0,random,100,100,64,-179.8621164629712,147.1427613137804,32.44751393074411,-93.3358810971286,-137.90359686079853,0.18,1766.3,167.12,1.0859385516479059,1.3885386605065815,0.019291270873509347,400000000.0
SMSP,30.0,true,100,100,0,32.74403795644853,1.6616385382601127,0.3256811534989821,-8.685846209842596e-05,-8.685846209919741e-05,1.0,0.0,290.88,0.0,0.0,0.021086690830998123,400000000.0
