jammer,jsr_db,strategy,mask,oracle_label,trials,delta_sinr_mean_db,delta_sinr_std_db,delta_sinr_ci95_margin_db,delta_sinr_ci95_lower_db,pd_identity,pd_after,target_only_change_mean_db,target_only_change_std_db,target_erased_count,position_spread_db,gate_delta_mean_gt_1db,gate_delta_ci_lower_nonnegative,gate_pd_not_below_identity,gate_target_only_gt_minus_1db,gate_no_target_erased,gate_position_spread_lt_5db,qualifies_oracle_upper_bound
FMNoiseSaopin,0.0,fixed_theoretical_target_order,oracle_jammer_rejection,ORACLE_DIAGNOSTIC_ONLY;NOT_FAIR;NOT_RL_ELIGIBLE,100,-0.2976150092066396,0.8911383237108672,0.17466311144733,-0.47227812065396957,1.0,0.97,-1.3422233213612855,3.3342209395967615,0,1.3863329624736893,False,False,False,False,True,True,False
FMNoiseSaopin,0.0,fixed_theoretical_target_order,oracle_ratio,ORACLE_DIAGNOSTIC_ONLY;NOT_FAIR;NOT_RL_ELIGIBLE,100,-0.04549171469785971,0.2838366932226225,0.055631991871634014,-0.10112370656949372,1.0,1.0,-0.6101633032182368,1.6308288777059072,0,0.22389889359983053,False,False,True,True,True,True,False
FMNoiseSaopin,0.0,fixed_theoretical_target_order,oracle_soft_wiener,ORACLE_DIAGNOSTIC_ONLY;NOT_FAIR;NOT_RL_ELIGIBLE,100,-0.008788727121183655,0.14938292992572258,0.029279054265441622,-0.038067781386625275,1.0,1.0,-0.3624551814338299,0.9673106890295533,0,0.04162644422030333,False,False,True,True,True,True,False
FMNoiseSaopin,0.0,fixed_theoretical_target_order,oracle_target_protection,ORACLE_DIAGNOSTIC_ONLY;NOT_FAIR;NOT_RL_ELIGIBLE,100,-1.580255012470166,0.5553452142926795,0.10884766200136517,-1.6891026744715312,1.0,1.0,-0.8538978297862403,7.534857682796475e-16,0,0.21047025415132503,False,False,True,True,True,True,False
FMNoiseSaopin,0.0,received_only_optimum,oracle_jammer_rejection,ORACLE_DIAGNOSTIC_ONLY;NOT_FAIR;NOT_RL_ELIGIBLE,100,-0.3414350924359903,0.7223010537703122,0.1415710065389812,-0.4830060989749715,1.0,1.0,-1.2970800058343128,2.6720305225363936,0,1.2972426702686626,False,False,True,False,True,True,False
FMNoiseSaopin,0.0,received_only_optimum,oracle_ratio,ORACLE_DIAGNOSTIC_ONLY;NOT_FAIR;NOT_RL_ELIGIBLE,100,-0.17856103474134766,0.605432407902628,0.11866475194891508,-0.2972257866902627,1.0,1.0,-0.8092140970359663,1.670125853411374,0,0.6410546093711674,False,False,True,True,True,True,False
FMNoiseSaopin,0.0,received_only_optimum,oracle_soft_wiener,ORACLE_DIAGNOSTIC_ONLY;NOT_FAIR;NOT_RL_ELIGIBLE,100,-0.09320835961837944,0.4692725654019715,0.09197742281878642,-0.18518578243716585,1.0,1.0,-0.5235258431490292,1.0371182113791004,0,0.26420015252116147,False,False,True,True,True,True,False
FMNoiseSaopin,0.0,received_only_optimum,oracle_target_protection,ORACLE_DIAGNOSTIC_ONLY;NOT_FAIR;NOT_RL_ELIGIBLE,100,-1.0881525172574646,0.4986276182523586,0.09773101317746227,-1.185883530434927,1.0,1.0,-0.8894696687362296,0.023354123495759445,0,0.7312655297184576,False,False,True,True,True,True,False
FMNoiseSaopin,0.0,true_jammer_optimum,oracle_jammer_rejection,ORACLE_DIAGNOSTIC_ONLY;NOT_FAIR;NOT_RL_ELIGIBLE,100,-0.12553418491706506,0.8797902988179134,0.17243889856831102,-0.2979730834853761,1.0,1.0,-1.0130222744221569,1.7693101365525634,0,0.552882922996792,False,False,True,False,True,True,False
FMNoiseSaopin,0.0,true_jammer_optimum,oracle_ratio,ORACLE_DIAGNOSTIC_ONLY;NOT_FAIR;NOT_RL_ELIGIBLE,100,-0.14566076961423147,1.0774367623102847,0.21117760541281577,-0.35683837502704724,1.0,1.0,-0.9874596448793913,1.7455783972339356,0,0.5729526224289389,False,False,True,True,True,True,False
FMNoiseSaopin,0.0,true_jammer_optimum,oracle_soft_wiener,ORACLE_DIAGNOSTIC_ONLY;NOT_FAIR;NOT_RL_ELIGIBLE,100,-0.008976398674126678,0.9052096026865988,0.17742108212657334,-0.1863974808007,1.0,1.0,-0.6728452230054827,1.1820104221316543,0,0.7462600409883575,False,False,True,True,True,True,False
FMNoiseSaopin,0.0,true_jammer_optimum,oracle_target_protection,ORACLE_DIAGNOSTIC_ONLY;NOT_FAIR;NOT_RL_ELIGIBLE,100,-1.2957223990608995,0.6830347727673994,0.13387481546241028,-1.4295972145233098,1.0,1.0,-0.8727623986421998,0.026636132434322682,0,1.2145937252375352,False,False,True,True,True,True,False
FMNoiseSaopin,0.0,true_target_optimum,oracle_jammer_rejection,ORACLE_DIAGNOSTIC_ONLY;NOT_FAIR;NOT_RL_ELIGIBLE,100,-0.2660086241113143,0.648042584398309,0.12701634654206856,-0.3930249706533829,1.0,0.98,-1.2752020563465047,2.9339720432284744,0,1.0994982156366189,False,False,False,False,True,True,False
FMNoiseSaopin,0.0,true_target_optimum,oracle_ratio,ORACLE_DIAGNOSTIC_ONLY;NOT_FAIR;NOT_RL_ELIGIBLE,100,-0.06850389519920054,0.2295274629339628,0.04498738273505671,-0.11349127793425726,1.0,1.0,-0.6549141887121088,1.62724186830603,0,0.2523855300328144,False,False,True,True,True,True,False
FMNoiseSaopin,0.0,true_target_optimum,oracle_soft_wiener,ORACLE_DIAGNOSTIC_ONLY;NOT_FAIR;NOT_RL_ELIGIBLE,100,-0.03157398567588458,0.10699884468234365,0.020971773557739354,-0.05254575923362394,1.0,1.0,-0.40246399732305904,0.9731270123639423,0,0.08230441903069624,False,False,True,True,True,True,False
FMNoiseSaopin,0.0,true_target_optimum,oracle_target_protection,ORACLE_DIAGNOSTIC_ONLY;NOT_FAIR;NOT_RL_ELIGIBLE,100,-1.3907987281596954,0.40644520226815745,0.07966325964455886,-1.4704619878042542,1.0,1.0,-0.913415746172999,9.481154666406865e-16,0,0.19034938733504747,False,False,True,True,True,True,False
FMNoiseSaopin,10.0,fixed_theoretical_target_order,oracle_jammer_rejection,ORACLE_DIAGNOSTIC_ONLY;NOT_FAIR;NOT_RL_ELIGIBLE,100,0.21978147894631306,0.7877092566333042,0.1543910143001276,0.06539046464618545,0.97,0.94,-1.3422233213612853,3.334220939596761,0,1.3448758290925482,False,True,False,False,True,True,False
FMNoiseSaopin,10.0,fixed_theoretical_target_order,oracle_ratio,ORACLE_DIAGNOSTIC_ONLY;NOT_FAIR;NOT_RL_ELIGIBLE,100,0.0949794983542203,1.2517045547429575,0.24533409272961965,-0.15035459437539933,0.97,0.92,-2.139791343339409,5.688304339843502,0,0.5139469340503693,False,False,False,False,True,True,False
FMNoiseSaopin,10.0,fixed_theoretical_target_order,oracle_soft_wiener,ORACLE_DIAGNOSTIC_ONLY;NOT_FAIR;NOT_RL_ELIGIBLE,100,0.22233431570941253,0.9735627688718425,0.19081830269888111,0.03151601301053142,0.97,0.92,-1.5792815485573994,4.215827544793666,0,1.1339251541082855,False,True,False,False,True,True,False
FMNoiseSaopin,10.0,fixed_theoretical_target_order,oracle_target_protection,ORACLE_DIAGNOSTIC_ONLY;NOT_FAIR;NOT_RL_ELIGIBLE,100,-1.152340680531912,0.5836902686592329,0.11440329265720965,-1.2667439731891217,0.97,0.97,-0.8538978297862403,7.534857682796475e-16,0,0.4791441814993699,False,False,True,True,True,True,False
FMNoiseSaopin,10.0,received_only_optimum,oracle_jammer_rejection,ORACLE_DIAGNOSTIC_ONLY;NOT_FAIR;NOT_RL_ELIGIBLE,100,-0.08872065972363924,1.4528877452715496,0.2847659980732237,-0.37348665779686296,0.97,0.97,-1.3325409744836485,2.4503747670992464,0,1.743656095549018,False,False,True,False,True,True,False
FMNoiseSaopin,10.0,received_only_optimum,oracle_ratio,ORACLE_DIAGNOSTIC_ONLY;NOT_FAIR;NOT_RL_ELIGIBLE,100,-0.8453466825956925,3.3659633187405427,0.6597288104731464,-1.5050754930688388,0.97,0.95,-3.2733919568173078,5.824256069522414,0,2.7042856460177624,False,False,False,False,True,True,False
FMNoiseSaopin,10.0,received_only_optimum,oracle_soft_wiener,ORACLE_DIAGNOSTIC_ONLY;NOT_FAIR;NOT_RL_ELIGIBLE,100,-0.517890186656369,2.8651177150702782,0.5615630721537745,-1.0794532588101435,0.97,0.96,-2.4779148724099986,4.405143839810033,0,2.108831133220317,False,False,False,False,True,True,False
FMNoiseSaopin,10.0,received_only_optimum,oracle_target_protection,ORACLE_DIAGNOSTIC_ONLY;NOT_FAIR;NOT_RL_ELIGIBLE,100,-1.1806143419048734,0.9901480565310746,0.1940690190800906,-1.374683360984964,0.97,0.97,-0.8917513684633562,0.023779655115239436,0,0.5306204899710195,False,False,True,True,True,True,False
FMNoiseSaopin,10.0,true_jammer_optimum,oracle_jammer_rejection,ORACLE_DIAGNOSTIC_ONLY;NOT_FAIR;NOT_RL_ELIGIBLE,100,0.14804467906282182,1.6636516093976819,0.32607571544194563,-0.17803103637912382,0.97,0.98,-1.0130222744221566,1.7693101365525634,0,2.3854014697298727,False,False,True,False,True,True,False
FMNoiseSaopin,10.0,true_jammer_optimum,oracle_ratio,ORACLE_DIAGNOSTIC_ONLY;NOT_FAIR;NOT_RL_ELIGIBLE,100,-0.25763428874441213,3.4358663258413706,0.6734297998649087,-0.9310640886093209,0.97,0.94,-2.667227167447212,4.730809380917442,0,2.7774527749401106,False,False,False,False,True,True,False
FMNoiseSaopin,10.0,true_jammer_optimum,oracle_soft_wiener,ORACLE_DIAGNOSTIC_ONLY;NOT_FAIR;NOT_RL_ELIGIBLE,100,-0.048256900797527605,3.0950187865132737,0.6066236821566016,-0.6548805829541292,0.97,0.98,-2.055464768503945,3.655539861663835,0,3.006827060791038,False,False,True,False,True,True,False
FMNoiseSaopin,10.0,true_jammer_optimum,oracle_target_protection,ORACLE_DIAGNOSTIC_ONLY;NOT_FAIR;NOT_RL_ELIGIBLE,100,-1.2846055971516759,1.0067307345706664,0.1973192239758506,-1.4819248211275264,0.97,0.97,-0.8727623986421998,0.026636132434322682,0,0.1919614498643345,False,False,True,True,True,True,False
FMNoiseSaopin,10.0,true_target_optimum,oracle_jammer_rejection,ORACLE_DIAGNOSTIC_ONLY;NOT_FAIR;NOT_RL_ELIGIBLE,100,0.17782929048095933,0.8913810462942555,0.1747106850736741,0.00311860540728523,0.97,0.95,-1.275202056346505,2.933972043228475,0,1.5379949947781975,False,True,False,False,True,True,False
FMNoiseSaopin,10.0,true_target_optimum,oracle_ratio,ORACLE_DIAGNOSTIC_ONLY;NOT_FAIR;NOT_RL_ELIGIBLE,100,-0.0014755839598576158,1.1889319172329347,0.2330306557776552,-0.2345062397375128,0.97,0.92,-2.196344071038298,5.561595441931096,0,0.6217253709447477,False,False,False,False,True,True,False
FMNoiseSaopin,10.0,true_target_optimum,oracle_soft_wiener,ORACLE_DIAGNOSTIC_ONLY;NOT_FAIR;NOT_RL_ELIGIBLE,100,0.13695630090135155,0.9711528924946342,0.19034596692894828,-0.05338966602759673,0.97,0.92,-1.631028784979124,4.146055871585646,0,1.198589589464989,False,False,False,False,True,True,False
FMNoiseSaopin,10.0,true_target_optimum,oracle_target_protection,ORACLE_DIAGNOSTIC_ONLY;NOT_FAIR;NOT_RL_ELIGIBLE,100,-1.1385506006589792,0.44491192615465563,0.0872027375263125,-1.2257533381852916,0.97,0.97,-0.913415746172999,9.481154666406865e-16,0,0.32186268427706566,False,False,True,True,True,True,False
FMNoiseSaopin,20.0,fixed_theoretical_target_order,oracle_jammer_rejection,ORACLE_DIAGNOSTIC_ONLY;NOT_FAIR;NOT_RL_ELIGIBLE,100,0.3803360999894906,1.1624409594420548,0.22783842805064275,0.15249767193884783,0.97,0.87,-1.3422233213612853,3.3342209395967606,0,2.191154845999544,False,True,False,False,True,True,False
FMNoiseSaopin,20.0,fixed_theoretical_target_order,oracle_ratio,ORACLE_DIAGNOSTIC_ONLY;NOT_FAIR;NOT_RL_ELIGIBLE,100,-0.26345612569457716,2.948225825725682,0.5778522618422336,-0.8413083875368108,0.97,0.85,-4.467654572734652,11.299536845902535,0,1.1726143638303335,False,False,False,False,True,True,False
FMNoiseSaopin,20.0,fixed_theoretical_target_order,oracle_soft_wiener,ORACLE_DIAGNOSTIC_ONLY;NOT_FAIR;NOT_RL_ELIGIBLE,100,0.2250565154434837,2.1773193053021314,0.4267545838392177,-0.201698068395734,0.97,0.86,-3.6888387891156316,9.532705175184917,0,1.2818978509445007,False,False,False,False,True,True,False
FMNoiseSaopin,20.0,fixed_theoretical_target_order,oracle_target_protection,ORACLE_DIAGNOSTIC_ONLY;NOT_FAIR;NOT_RL_ELIGIBLE,100,-0.8370748154545664,0.4601864809123304,0.09019655025881676,-0.9272713657133832,0.97,0.9,-0.8538978297862403,7.534857682796475e-16,0,0.6323303187731997,False,False,False,True,True,True,False
FMNoiseSaopin,20.0,received_only_optimum,oracle_jammer_rejection,ORACLE_DIAGNOSTIC_ONLY;NOT_FAIR;NOT_RL_ELIGIBLE,100,-0.03134137109446177,1.9093115860431025,0.37422507086444806,-0.40556644195890984,0.97,0.95,-1.0979592912872924,2.004606677649013,0,2.386132989556969,False,False,False,False,True,True,False
FMNoiseSaopin,20.0,received_only_optimum,oracle_ratio,ORACLE_DIAGNOSTIC_ONLY;NOT_FAIR;NOT_RL_ELIGIBLE,100,-1.2783217522942956,6.139603488660273,1.2033622837774136,-2.481684036071709,0.97,0.8,-5.721189177130093,10.052627761563498,0,5.253890204987627,False,False,False,False,True,False,False
FMNoiseSaopin,20.0,received_only_optimum,oracle_soft_wiener,ORACLE_DIAGNOSTIC_ONLY;NOT_FAIR;NOT_RL_ELIGIBLE,100,-0.5588450827225047,5.4864745094212255,1.07534900384656,-1.6341940865690647,0.97,0.81,-4.709365203478831,8.35191273678644,0,5.445533151200339,False,False,False,False,True,False,False
FMNoiseSaopin,20.0,received_only_optimum,oracle_target_protection,ORACLE_DIAGNOSTIC_ONLY;NOT_FAIR;NOT_RL_ELIGIBLE,100,-1.444960642585865,1.6654801917909703,0.3264341175910302,-1.7713947601768951,0.97,0.9,-0.8903098072465861,0.024358720615712513,0,1.4810941466025174,False,False,False,True,True,True,False
FMNoiseSaopin,20.0,true_jammer_optimum,oracle_jammer_rejection,ORACLE_DIAGNOSTIC_ONLY;NOT_FAIR;NOT_RL_ELIGIBLE,100,0.0488814070239366,1.920587949836935,0.37643523816803925,-0.32755383114410264,0.97,0.95,-1.0130222744221566,1.7693101365525634,0,2.6370114481215294,False,False,False,False,True,True,False
FMNoiseSaopin,20.0,true_jammer_optimum,oracle_ratio,ORACLE_DIAGNOSTIC_ONLY;NOT_FAIR;NOT_RL_ELIGIBLE,100,-0.9848729815857,6.203562120602249,1.2158981756380407,-2.2007711572237407,0.97,0.8,-5.460860641687499,9.515245231017941,0,5.647750724314431,False,False,False,False,True,False,False
FMNoiseSaopin,20.0,true_jammer_optimum,oracle_soft_wiener,ORACLE_DIAGNOSTIC_ONLY;NOT_FAIR;NOT_RL_ELIGIBLE,100,-0.30872561302460405,5.645848388847251,1.1065862842140612,-1.4153118972386654,0.97,0.82,-4.481852435103246,7.853960565033609,0,6.740142819130888,False,False,False,False,True,False,False
FMNoiseSaopin,20.0,true_jammer_optimum,oracle_target_protection,ORACLE_DIAGNOSTIC_ONLY;NOT_FAIR;NOT_RL_ELIGIBLE,100,-1.4586549148064494,1.7243192987072684,0.3379665825466246,-1.7966214973530739,0.97,0.92,-0.8727623986421998,0.026636132434322682,0,1.4138606765119297,False,False,False,True,True,True,False
FMNoiseSaopin,20.0,true_target_optimum,oracle_jammer_rejection,ORACLE_DIAGNOSTIC_ONLY;NOT_FAIR;NOT_RL_ELIGIBLE,100,0.27158516502546537,1.1727515666169026,0.2298593070569129,0.041725857968552466,0.97,0.89,-1.2752020563465047,2.933972043228475,0,2.2814315775947236,False,True,False,False,True,True,False
FMNoiseSaopin,20.0,true_target_optimum,oracle_ratio,ORACLE_DIAGNOSTIC_ONLY;NOT_FAIR;NOT_RL_ELIGIBLE,100,-0.6430497301304063,2.7572385571980482,0.5404187572108174,-1.1834684873412238,0.97,0.85,-4.667756763928337,10.879119893323995,0,1.939539766432031,False,False,False,False,True,True,False
FMNoiseSaopin,20.0,true_target_optimum,oracle_soft_wiener,ORACLE_DIAGNOSTIC_ONLY;NOT_FAIR;NOT_RL_ELIGIBLE,100,-0.08422477260123021,2.0945881830667705,0.41053928388108696,-0.49476405648231714,0.97,0.86,-3.809614076487079,9.207963433262142,0,1.3366587616927754,False,False,False,False,True,True,False
FMNoiseSaopin,20.0,true_target_optimum,oracle_target_protection,ORACLE_DIAGNOSTIC_ONLY;NOT_FAIR;NOT_RL_ELIGIBLE,100,-1.0661187508403867,0.3766920996394299,0.07383165152932826,-1.139950402369715,0.97,0.88,-0.913415746172999,9.481154666406865e-16,0,0.23243135244418967,False,False,False,True,True,True,False
FMNoiseSaopin,30.0,fixed_theoretical_target_order,oracle_jammer_rejection,ORACLE_DIAGNOSTIC_ONLY;NOT_FAIR;NOT_RL_ELIGIBLE,100,0.43476718182958507,1.3240999768180497,0.25952359545633774,0.17524358637324733,0.9,0.87,-1.3422233213612855,3.334220939596761,0,2.449929336676078,False,True,False,False,True,True,False
FMNoiseSaopin,30.0,fixed_theoretical_target_order,oracle_ratio,ORACLE_DIAGNOSTIC_ONLY;NOT_FAIR;NOT_RL_ELIGIBLE,100,-1.4415401188170722,4.71935146681745,0.9249928874962203,-2.3665330063132926,0.9,0.8,-7.701038061952501,17.536578024834768,0,6.130730930970413,False,False,False,False,True,False,False
FMNoiseSaopin,30.0,fixed_theoretical_target_order,oracle_soft_wiener,ORACLE_DIAGNOSTIC_ONLY;NOT_FAIR;NOT_RL_ELIGIBLE,100,-0.660671087963454,3.5539347045594014,0.6965712020936426,-1.3572422900570966,0.9,0.8,-6.6061024548466625,15.602865987790722,0,2.7019099749912763,False,False,False,False,True,True,False
FMNoiseSaopin,30.0,fixed_theoretical_target_order,oracle_target_protection,ORACLE_DIAGNOSTIC_ONLY;NOT_FAIR;NOT_RL_ELIGIBLE,100,-0.8234934549681157,0.717487917906962,0.14062763190976454,-0.9641210868778802,0.9,0.8,-0.8538978297862403,7.534857682796475e-16,0,0.23672459219362052,False,False,False,True,True,True,False
FMNoiseSaopin,30.0,received_only_optimum,oracle_jammer_rejection,ORACLE_DIAGNOSTIC_ONLY;NOT_FAIR;NOT_RL_ELIGIBLE,100,0.06720202619294117,2.0661364247386693,0.4049627392487792,-0.337760713055838,0.9,0.83,-1.0242817384525502,1.7890586572041176,0,2.7600261790543836,False,False,False,False,True,True,False
FMNoiseSaopin,30.0,received_only_optimum,oracle_ratio,ORACLE_DIAGNOSTIC_ONLY;NOT_FAIR;NOT_RL_ELIGIBLE,100,-2.9275767000115995,8.362789491171705,1.6391067402696542,-4.5666834402812535,0.9,0.74,-9.702566913648084,16.503943629213815,0,8.712803649235553,False,False,False,False,True,False,False
FMNoiseSaopin,30.0,received_only_optimum,oracle_soft_wiener,ORACLE_DIAGNOSTIC_ONLY;NOT_FAIR;NOT_RL_ELIGIBLE,100,-1.8205386747731729,7.763612035093932,1.5216679588784108,-3.3422066336515837,0.9,0.74,-8.314902230616035,14.25966823857202,0,7.810950717682277,False,False,False,False,True,False,False
FMNoiseSaopin,30.0,received_only_optimum,oracle_target_protection,ORACLE_DIAGNOSTIC_ONLY;NOT_FAIR;NOT_RL_ELIGIBLE,100,-1.3417273132143157,1.8725549494981766,0.36702077010164263,-1.7087480833159583,0.9,0.74,-0.8880756789017754,0.02489453824262345,0,1.2428622224220123,False,False,False,True,True,True,False
FMNoiseSaopin,30.0,true_jammer_optimum,oracle_jammer_rejection,ORACLE_DIAGNOSTIC_ONLY;NOT_FAIR;NOT_RL_ELIGIBLE,100,0.10512650068153104,2.069032954043754,0.40553045899257584,-0.3004039583110448,0.9,0.83,-1.0130222744221566,1.7693101365525634,0,2.9220624789138427,False,False,False,False,True,True,False
FMNoiseSaopin,30.0,true_jammer_optimum,oracle_ratio,ORACLE_DIAGNOSTIC_ONLY;NOT_FAIR;NOT_RL_ELIGIBLE,100,-2.8064541986997296,8.243454546113407,1.6157170910382277,-4.422171289737957,0.9,0.74,-9.614450717488028,16.39185974449721,0,8.596638999430112,False,False,False,False,True,False,False
FMNoiseSaopin,30.0,true_jammer_optimum,oracle_soft_wiener,ORACLE_DIAGNOSTIC_ONLY;NOT_FAIR;NOT_RL_ELIGIBLE,100,-1.7090615869054566,7.676442376280439,1.504582705750966,-3.2136442926564226,0.9,0.74,-8.231786953863136,14.142611274890045,0,7.705476944993256,False,False,False,False,True,False,False
FMNoiseSaopin,30.0,true_jammer_optimum,oracle_target_protection,ORACLE_DIAGNOSTIC_ONLY;NOT_FAIR;NOT_RL_ELIGIBLE,100,-1.3523072880342317,2.0139691836100138,0.39473795998756267,-1.7470452480217944,0.9,0.75,-0.8727623986421998,0.026636132434322682,0,1.2998340010162899,False,False,False,True,True,True,False
FMNoiseSaopin,30.0,true_target_optimum,oracle_jammer_rejection,ORACLE_DIAGNOSTIC_ONLY;NOT_FAIR;NOT_RL_ELIGIBLE,100,0.31312566647782936,1.356984864183202,0.26596903337990757,0.047156633097921785,0.9,0.86,-1.2752020563465047,2.933972043228474,0,2.5987725368489247,False,True,False,False,True,True,False
FMNoiseSaopin,30.0,true_target_optimum,oracle_ratio,ORACLE_DIAGNOSTIC_ONLY;NOT_FAIR;NOT_RL_ELIGIBLE,100,-2.2349315271052506,5.126591162289797,1.0048118678088003,-3.2397433949140506,0.9,0.75,-8.479609728633482,16.929333160781688,0,6.261178915902773,False,False,False,False,True,False,False
FMNoiseSaopin,30.0,true_target_optimum,oracle_soft_wiener,ORACLE_DIAGNOSTIC_ONLY;NOT_FAIR;NOT_RL_ELIGIBLE,100,-1.2751078720777025,3.8468058116795887,0.7539739390891993,-2.029081811166902,0.9,0.77,-7.168775718610849,15.01622505865733,0,3.3937778554943767,False,False,False,False,True,True,False
FMNoiseSaopin,30.0,true_target_optimum,oracle_target_protection,ORACLE_DIAGNOSTIC_ONLY;NOT_FAIR;NOT_RL_ELIGIBLE,100,-1.0455073926926004,0.8088419827526997,0.15853302861952914,-1.2040404213121296,0.9,0.8,-0.913415746172999,9.481154666406865e-16,0,0.35406020895274315,False,False,False,True,True,True,False
SMSP,0.0,fixed_theoretical_target_order,oracle_jammer_rejection,ORACLE_DIAGNOSTIC_ONLY;NOT_FAIR;NOT_RL_ELIGIBLE,100,-0.3836916110942401,1.808866120306582,0.35453775958009004,-0.7382293706743301,1.0,1.0,-2.0450005647025353,2.623678615098308,0,5.4932217614527765,False,False,True,False,True,False,False
SMSP,0.0,fixed_theoretical_target_order,oracle_ratio,ORACLE_DIAGNOSTIC_ONLY;NOT_FAIR;NOT_RL_ELIGIBLE,100,-0.31033670634505356,1.245008539480859,0.24402167373824835,-0.5543583800833018,1.0,1.0,-2.073372083655726,2.5599398587691806,0,3.7267384358006277,False,False,True,False,True,True,False
SMSP,0.0,fixed_theoretical_target_order,oracle_soft_wiener,ORACLE_DIAGNOSTIC_ONLY;NOT_FAIR;NOT_RL_ELIGIBLE,100,0.040459695909852725,0.9500136528794488,0.18620267596437196,-0.14574298005451924,1.0,1.0,-1.3896696066103016,1.7250348976569139,0,2.9838049765626034,False,False,True,False,True,True,False
SMSP,0.0,fixed_theoretical_target_order,oracle_target_protection,ORACLE_DIAGNOSTIC_ONLY;NOT_FAIR;NOT_RL_ELIGIBLE,100,-0.9462449933469821,0.10396034592579098,0.02037622780145503,-0.9666212211484371,1.0,1.0,-0.8538978297862403,7.534857682796475e-16,0,0.23177758669086235,False,False,True,True,True,True,False
SMSP,0.0,received_only_optimum,oracle_jammer_rejection,ORACLE_DIAGNOSTIC_ONLY;NOT_FAIR;NOT_RL_ELIGIBLE,100,-0.3538246583937398,1.7580184861315475,0.3445716232817833,-0.6983962816755231,1.0,1.0,-1.9998313332267617,2.563201089617001,0,5.3488492987843745,False,False,True,False,True,False,False
SMSP,0.0,received_only_optimum,oracle_ratio,ORACLE_DIAGNOSTIC_ONLY;NOT_FAIR;NOT_RL_ELIGIBLE,100,-0.3028068294516613,1.2426406417876286,0.24355756579037519,-0.5463643952420365,1.0,1.0,-2.083598115427072,2.5734328919288596,0,3.728216872324667,False,False,True,False,True,True,False
SMSP,0.0,received_only_optimum,oracle_soft_wiener,ORACLE_DIAGNOSTIC_ONLY;NOT_FAIR;NOT_RL_ELIGIBLE,100,0.048463771560544835,0.9506253974737878,0.18632257790486242,-0.13785880634431757,1.0,1.0,-1.396599295285801,1.7345314334193644,0,2.9839307400255892,False,False,True,False,True,True,False
SMSP,0.0,received_only_optimum,oracle_target_protection,ORACLE_DIAGNOSTIC_ONLY;NOT_FAIR;NOT_RL_ELIGIBLE,100,-0.885231793134453,0.13155938061950687,0.025785638601423345,-0.9110174317358763,1.0,1.0,-0.8839713275530867,0.02199440203941533,0,0.25998501566170673,False,False,True,True,True,True,False
SMSP,0.0,true_jammer_optimum,oracle_jammer_rejection,ORACLE_DIAGNOSTIC_ONLY;NOT_FAIR;NOT_RL_ELIGIBLE,100,-0.3978484142373338,1.8315628286144643,0.358986314408435,-0.7568347286457688,1.0,1.0,-2.0354253376459495,2.6299873132128013,0,5.552230245337748,False,False,True,False,True,False,False
SMSP,0.0,true_jammer_optimum,oracle_ratio,ORACLE_DIAGNOSTIC_ONLY;NOT_FAIR;NOT_RL_ELIGIBLE,100,-0.29472292890199336,1.2588608000081842,0.24673671680160408,-0.5414596457035974,1.0,1.0,-2.0754627914278903,2.5625239930257155,0,3.791133557885466,False,False,True,False,True,True,False
SMSP,0.0,true_jammer_optimum,oracle_soft_wiener,ORACLE_DIAGNOSTIC_ONLY;NOT_FAIR;NOT_RL_ELIGIBLE,100,0.05101621671057753,0.9636399013848945,0.18887342067143933,-0.13785720396086182,1.0,1.0,-1.3907312746357947,1.7263318335439128,0,3.024299321224217,False,False,True,False,True,True,False
SMSP,0.0,true_jammer_optimum,oracle_target_protection,ORACLE_DIAGNOSTIC_ONLY;NOT_FAIR;NOT_RL_ELIGIBLE,100,-0.8933749275681325,0.1678485931762842,0.0328983242625517,-0.9262732518306842,1.0,1.0,-0.8748957814633964,0.026229372511524466,0,0.3666877474254492,False,False,True,True,True,True,False
SMSP,0.0,true_target_optimum,oracle_jammer_rejection,ORACLE_DIAGNOSTIC_ONLY;NOT_FAIR;NOT_RL_ELIGIBLE,100,-0.3079592955975037,1.6657477763278277,0.32648656416025423,-0.6344458597577579,1.0,1.0,-1.9338861696883356,2.464570295703437,0,5.102784652138599,False,False,True,False,True,False,False
SMSP,0.0,true_target_optimum,oracle_ratio,ORACLE_DIAGNOSTIC_ONLY;NOT_FAIR;NOT_RL_ELIGIBLE,100,-0.2947156338777536,1.2588419244037188,0.24673301718312887,-0.5414486510608825,1.0,1.0,-2.077125743909757,2.564360125507235,0,3.791097082764269,False,False,True,False,True,True,False
SMSP,0.0,true_target_optimum,oracle_soft_wiener,ORACLE_DIAGNOSTIC_ONLY;NOT_FAIR;NOT_RL_ELIGIBLE,100,0.05283675822804401,0.9608983841617788,0.18833608329570864,-0.13549932506766463,1.0,1.0,-1.3926882231954294,1.7283221695890816,0,3.0151966136368857,False,False,True,False,True,True,False
SMSP,0.0,true_target_optimum,oracle_target_protection,ORACLE_DIAGNOSTIC_ONLY;NOT_FAIR;NOT_RL_ELIGIBLE,100,-0.9065930552479184,0.15308828586202644,0.03000530402895718,-0.9365983592768756,1.0,1.0,-0.913415746172999,9.481154666406865e-16,0,0.3647080398551169,False,False,True,True,True,True,False
SMSP,10.0,fixed_theoretical_target_order,oracle_jammer_rejection,ORACLE_DIAGNOSTIC_ONLY;NOT_FAIR;NOT_RL_ELIGIBLE,100,0.2445022272374327,2.249563228796008,0.44091439284401757,-0.19641216560658487,0.8,0.8,-2.0450005647025353,2.6236786150983082,0,7.014146394371872,False,False,True,False,True,False,False
SMSP,10.0,fixed_theoretical_target_order,oracle_ratio,ORACLE_DIAGNOSTIC_ONLY;NOT_FAIR;NOT_RL_ELIGIBLE,100,-0.9721623081840173,5.134196117675533,1.0063024390644044,-1.9784647472484216,0.8,0.8,-5.5565118112401555,6.843501196063774,0,15.708884954092607,False,False,True,False,True,False,False
SMSP,10.0,fixed_theoretical_target_order,oracle_soft_wiener,ORACLE_DIAGNOSTIC_ONLY;NOT_FAIR;NOT_RL_ELIGIBLE,100,-0.21242088608350673,4.150548829686711,0.8135075706185952,-1.0259284567021019,0.8,0.8,-4.320308686233382,5.317993553236024,0,13.032961297578705,False,False,True,False,True,False,False
SMSP,10.0,fixed_theoretical_target_order,oracle_target_protection,ORACLE_DIAGNOSTIC_ONLY;NOT_FAIR;NOT_RL_ELIGIBLE,100,-0.6269795625409073,0.3489688008137748,0.06839788495949986,-0.6953774475004071,0.8,0.6,-0.8538978297862403,7.534857682796475e-16,0,0.8861636075850261,False,False,False,True,True,True,False
SMSP,10.0,received_only_optimum,oracle_jammer_rejection,ORACLE_DIAGNOSTIC_ONLY;NOT_FAIR;NOT_RL_ELIGIBLE,100,0.21574811407742614,2.2563931606439764,0.44225305948621935,-0.2265049454087932,0.8,0.8,-2.0507529881468187,2.642128235369606,0,7.049810676639566,False,False,True,False,True,False,False
SMSP,10.0,received_only_optimum,oracle_ratio,ORACLE_DIAGNOSTIC_ONLY;NOT_FAIR;NOT_RL_ELIGIBLE,100,-0.9643736652233607,5.151482717695447,1.0096906126683076,-1.9740642778916682,0.8,0.8,-5.579454157386191,6.872417251939511,0,15.772044601102639,False,False,True,False,True,False,False
SMSP,10.0,received_only_optimum,oracle_soft_wiener,ORACLE_DIAGNOSTIC_ONLY;NOT_FAIR;NOT_RL_ELIGIBLE,100,-0.1981355455660416,4.15593145951748,0.8145625660654261,-1.0126981116314677,0.8,0.8,-4.339684208348554,5.3418730623679185,0,13.053338999491636,False,False,True,False,True,False,False
SMSP,10.0,received_only_optimum,oracle_target_protection,ORACLE_DIAGNOSTIC_ONLY;NOT_FAIR;NOT_RL_ELIGIBLE,100,-0.6201145995496412,0.35106330784831385,0.06880840833826951,-0.6889230078879107,0.8,0.6,-0.8833670162869864,0.021392789312971536,0,0.7666733314881069,False,False,False,True,True,True,False
SMSP,10.0,true_jammer_optimum,oracle_jammer_rejection,ORACLE_DIAGNOSTIC_ONLY;NOT_FAIR;NOT_RL_ELIGIBLE,100,0.19774695369243134,2.211398137631614,0.4334340349757963,-0.23568708128336496,0.8,0.8,-2.0354253376459495,2.6299873132128018,0,6.915440921503574,False,False,True,False,True,False,False
SMSP,10.0,true_jammer_optimum,oracle_ratio,ORACLE_DIAGNOSTIC_ONLY;NOT_FAIR;NOT_RL_ELIGIBLE,100,-0.9924530015631601,5.1134873678030255,1.002243524089393,-1.994696525652553,0.8,0.8,-5.5949138918091945,6.88986580930386,0,15.622703005160469,False,False,True,False,True,False,False
SMSP,10.0,true_jammer_optimum,oracle_soft_wiener,ORACLE_DIAGNOSTIC_ONLY;NOT_FAIR;NOT_RL_ELIGIBLE,100,-0.21831398845092762,4.132738437935033,0.8100167338352664,-1.028330722286194,0.8,0.8,-4.342089369298071,5.34475527900857,0,12.975304791047746,False,False,True,False,True,False,False
SMSP,10.0,true_jammer_optimum,oracle_target_protection,ORACLE_DIAGNOSTIC_ONLY;NOT_FAIR;NOT_RL_ELIGIBLE,100,-0.6046305713190887,0.33534617451731175,0.0657278502053931,-0.6703584215244818,0.8,0.6,-0.8748957814633964,0.026229372511524466,0,0.7223192111538115,False,False,False,True,True,True,False
SMSP,10.0,true_target_optimum,oracle_jammer_rejection,ORACLE_DIAGNOSTIC_ONLY;NOT_FAIR;NOT_RL_ELIGIBLE,100,0.2790644959433085,2.0970645449264187,0.41102465080557804,-0.13196015486226953,0.8,0.8,-1.9338861696883356,2.464570295703437,0,6.508853210249191,False,False,True,False,True,False,False
SMSP,10.0,true_target_optimum,oracle_ratio,ORACLE_DIAGNOSTIC_ONLY;NOT_FAIR;NOT_RL_ELIGIBLE,100,-0.9951068531521027,5.118374425453179,1.003201387388823,-1.9983082405409256,0.8,0.8,-5.563978416250077,6.85052048675158,0,15.635972263105183,False,False,True,False,True,False,False
SMSP,10.0,true_target_optimum,oracle_soft_wiener,ORACLE_DIAGNOSTIC_ONLY;NOT_FAIR;NOT_RL_ELIGIBLE,100,-0.23635775951150542,4.162851716419184,0.8159189364181602,-1.0522766959296657,0.8,0.8,-4.32733725990076,5.326596968478542,0,13.065523646350638,False,False,True,False,True,False,False
SMSP,10.0,true_target_optimum,oracle_target_protection,ORACLE_DIAGNOSTIC_ONLY;NOT_FAIR;NOT_RL_ELIGIBLE,100,-0.7082533350551717,0.28365949926673123,0.05559726185627932,-0.7638505969114511,0.8,0.6,-0.913415746172999,9.481154666406865e-16,0,0.687307224745634,False,False,False,True,True,True,False
SMSP,20.0,fixed_theoretical_target_order,oracle_jammer_rejection,ORACLE_DIAGNOSTIC_ONLY;NOT_FAIR;NOT_RL_ELIGIBLE,100,-0.7472515121517617,1.1899705906783655,0.23323423577295962,-0.9804857479247213,0.6,0.6,-2.0450005647025353,2.623678615098308,0,3.0552928365853,False,False,True,False,True,True,False
SMSP,20.0,fixed_theoretical_target_order,oracle_ratio,ORACLE_DIAGNOSTIC_ONLY;NOT_FAIR;NOT_RL_ELIGIBLE,100,-3.3047899340263043,7.726716344429424,1.514436403508167,-4.819226337534471,0.6,0.6,-10.55353699398437,13.079798277007816,0,20.66817375077347,False,False,True,False,True,False,False
SMSP,20.0,fixed_theoretical_target_order,oracle_soft_wiener,ORACLE_DIAGNOSTIC_ONLY;NOT_FAIR;NOT_RL_ELIGIBLE,100,-2.639665489973863,7.207211181595468,1.4126133915927117,-4.052278881566575,0.6,0.6,-8.913256929308226,11.024136468948289,0,20.24065322489811,False,False,True,False,True,False,False
SMSP,20.0,fixed_theoretical_target_order,oracle_target_protection,ORACLE_DIAGNOSTIC_ONLY;NOT_FAIR;NOT_RL_ELIGIBLE,100,-0.3390597154768274,0.7612888039611718,0.14921260557638966,-0.48827232105321705,0.6,0.6,-0.8538978297862403,7.534857682796475e-16,0,1.951088365117668,False,False,True,True,True,True,False
SMSP,20.0,received_only_optimum,oracle_jammer_rejection,ORACLE_DIAGNOSTIC_ONLY;NOT_FAIR;NOT_RL_ELIGIBLE,100,-0.7865407538518354,1.2559037974186555,0.2461571442940565,-1.0326978981458919,0.6,0.6,-2.055872225816486,2.645015591976419,0,3.2226197803846666,False,False,True,False,True,True,False
SMSP,20.0,received_only_optimum,oracle_ratio,ORACLE_DIAGNOSTIC_ONLY;NOT_FAIR;NOT_RL_ELIGIBLE,100,-3.3050933682745898,7.717420284091317,1.5126143756818982,-4.817707743956488,0.6,0.6,-10.558761599988193,13.08271133258861,0,20.632966837454703,False,False,True,False,True,False,False
SMSP,20.0,received_only_optimum,oracle_soft_wiener,ORACLE_DIAGNOSTIC_ONLY;NOT_FAIR;NOT_RL_ELIGIBLE,100,-2.64846123435906,7.22527496929501,1.416153893981822,-4.064615128340882,0.6,0.6,-8.931847911519213,11.047703238379565,0,20.28707868400851,False,False,True,False,True,False,False
SMSP,20.0,received_only_optimum,oracle_target_protection,ORACLE_DIAGNOSTIC_ONLY;NOT_FAIR;NOT_RL_ELIGIBLE,100,-0.2469573928166078,0.7935165289481899,0.15552923967384522,-0.402486632490453,0.6,0.6,-0.8857416772828526,0.022137224917821892,0,1.6312515489552788,False,False,True,True,True,True,False
SMSP,20.0,true_jammer_optimum,oracle_jammer_rejection,ORACLE_DIAGNOSTIC_ONLY;NOT_FAIR;NOT_RL_ELIGIBLE,100,-0.7297025330113384,1.2553718223726642,0.24605287718504218,-0.9757554101963806,0.6,0.6,-2.0354253376459495,2.6299873132128013,0,3.2035843919393914,False,False,True,False,True,True,False
SMSP,20.0,true_jammer_optimum,oracle_ratio,ORACLE_DIAGNOSTIC_ONLY;NOT_FAIR;NOT_RL_ELIGIBLE,100,-3.293767260385211,7.726179905323884,1.5143312614434814,-4.8080985218286925,0.6,0.6,-10.446624756039414,12.96828992744091,0,20.692617871868,False,False,True,False,True,False,False
SMSP,20.0,true_jammer_optimum,oracle_soft_wiener,ORACLE_DIAGNOSTIC_ONLY;NOT_FAIR;NOT_RL_ELIGIBLE,100,-2.674414806742565,7.197860730240288,1.4107807031270965,-4.085195509869662,0.6,0.6,-8.918181356421746,11.032942902763086,0,20.139054873270762,False,False,True,False,True,False,False
SMSP,20.0,true_jammer_optimum,oracle_target_protection,ORACLE_DIAGNOSTIC_ONLY;NOT_FAIR;NOT_RL_ELIGIBLE,100,-0.09475493833637899,0.9699054276752446,0.19010146382434795,-0.28485640216072694,0.6,0.6,-0.8748957814633964,0.026229372511524466,0,2.285897441216979,False,False,True,True,True,True,False
SMSP,20.0,true_target_optimum,oracle_jammer_rejection,ORACLE_DIAGNOSTIC_ONLY;NOT_FAIR;NOT_RL_ELIGIBLE,100,-0.6124007646984855,1.0223835549854376,0.20038717677714576,-0.8127879414756313,0.6,0.6,-1.9338861696883356,2.464570295703437,0,2.6170755503751284,False,False,True,False,True,True,False
SMSP,20.0,true_target_optimum,oracle_ratio,ORACLE_DIAGNOSTIC_ONLY;NOT_FAIR;NOT_RL_ELIGIBLE,100,-3.2997196438055245,7.738075056416608,1.5166627110576552,-4.81638235486318,0.6,0.6,-10.362977542976546,12.849513769152551,0,20.722379788969562,False,False,True,False,True,False,False
SMSP,20.0,true_target_optimum,oracle_soft_wiener,ORACLE_DIAGNOSTIC_ONLY;NOT_FAIR;NOT_RL_ELIGIBLE,100,-2.6698000892751925,7.188746208770588,1.408994256919035,-4.078794346194227,0.6,0.6,-8.842958280078733,10.929398679721501,0,20.1159812859339,False,False,True,False,True,False,False
SMSP,20.0,true_target_optimum,oracle_target_protection,ORACLE_DIAGNOSTIC_ONLY;NOT_FAIR;NOT_RL_ELIGIBLE,100,-0.2236846823318755,0.9356121318121575,0.18337997783518287,-0.40706466016705833,0.6,0.6,-0.913415746172999,9.481154666406865e-16,0,2.3404101326692555,False,False,True,True,True,True,False
SMSP,30.0,fixed_theoretical_target_order,oracle_jammer_rejection,ORACLE_DIAGNOSTIC_ONLY;NOT_FAIR;NOT_RL_ELIGIBLE,100,-1.1184365469133275,1.7137952590272254,0.33590387076933614,-1.4543404176826638,0.6,0.6,-2.0450005647025358,2.6236786150983082,0,4.401650227193312,False,False,True,False,True,True,False
SMSP,30.0,fixed_theoretical_target_order,oracle_ratio,ORACLE_DIAGNOSTIC_ONLY;NOT_FAIR;NOT_RL_ELIGIBLE,100,-5.122026822348727,7.142857658006765,1.400000100969326,-6.522026923318053,0.6,0.6,-17.100792607701788,21.213496101271787,0,18.079584209849248,False,False,True,False,True,False,False
SMSP,30.0,fixed_theoretical_target_order,oracle_soft_wiener,ORACLE_DIAGNOSTIC_ONLY;NOT_FAIR;NOT_RL_ELIGIBLE,100,-4.320979125479834,6.945170103318371,1.3612533402504006,-5.682232465730235,0.6,0.6,-14.951070569577277,18.560029334558493,0,17.826191495586375,False,False,True,False,True,False,False
SMSP,30.0,fixed_theoretical_target_order,oracle_target_protection,ORACLE_DIAGNOSTIC_ONLY;NOT_FAIR;NOT_RL_ELIGIBLE,100,-0.1387569098877276,0.8986381920272941,0.17613308563734964,-0.31488999552507724,0.6,0.6,-0.8538978297862403,7.534857682796475e-16,0,2.049939798369153,False,False,True,True,True,True,False
SMSP,30.0,received_only_optimum,oracle_jammer_rejection,ORACLE_DIAGNOSTIC_ONLY;NOT_FAIR;NOT_RL_ELIGIBLE,100,-1.093502887432389,1.8188396026758697,0.35649256212447045,-1.4499954495568597,0.6,0.6,-2.0354253376459495,2.629987313212801,0,4.658096459072427,False,False,True,False,True,True,False
SMSP,30.0,received_only_optimum,oracle_ratio,ORACLE_DIAGNOSTIC_ONLY;NOT_FAIR;NOT_RL_ELIGIBLE,100,-4.460477251742296,7.02958531371824,1.377798721488775,-5.838275973231071,0.6,0.6,-15.865383243570394,19.98386210724216,0,18.054547188396548,False,False,True,False,True,False,False
SMSP,30.0,received_only_optimum,oracle_soft_wiener,ORACLE_DIAGNOSTIC_ONLY;NOT_FAIR;NOT_RL_ELIGIBLE,100,-3.9938277631102324,6.985649507994017,1.3691873035668274,-5.363015066677059,0.6,0.6,-14.1894687952703,17.784349943414625,0,17.790663028474412,False,False,True,False,True,False,False
SMSP,30.0,received_only_optimum,oracle_target_protection,ORACLE_DIAGNOSTIC_ONLY;NOT_FAIR;NOT_RL_ELIGIBLE,100,0.036562468645311055,1.1400727033633318,0.223454249859213,-0.18689178121390193,0.6,0.6,-0.8945154248596013,0.021832100506920787,0,2.3827072434757155,False,False,True,True,True,True,False
SMSP,30.0,true_jammer_optimum,oracle_jammer_rejection,ORACLE_DIAGNOSTIC_ONLY;NOT_FAIR;NOT_RL_ELIGIBLE,100,-1.093502887432389,1.8188396026758697,0.35649256212447045,-1.4499954495568597,0.6,0.6,-2.0354253376459495,2.629987313212801,0,4.658096459072427,False,False,True,False,True,True,False
SMSP,30.0,true_jammer_optimum,oracle_ratio,ORACLE_DIAGNOSTIC_ONLY;NOT_FAIR;NOT_RL_ELIGIBLE,100,-4.460477251742296,7.029585313718241,1.3777987214887752,-5.838275973231072,0.6,0.6,-15.86538324357039,19.98386210724216,0,18.054547188396548,False,False,True,False,True,False,False
SMSP,30.0,true_jammer_optimum,oracle_soft_wiener,ORACLE_DIAGNOSTIC_ONLY;NOT_FAIR;NOT_RL_ELIGIBLE,100,-3.9938277631102324,6.985649507994017,1.3691873035668274,-5.363015066677059,0.6,0.6,-14.1894687952703,17.784349943414625,0,17.790663028474412,False,False,True,False,True,False,False
SMSP,30.0,true_jammer_optimum,oracle_target_protection,ORACLE_DIAGNOSTIC_ONLY;NOT_FAIR;NOT_RL_ELIGIBLE,100,0.055582172125560464,1.1243216019573585,0.22036703398364227,-0.1647848618580818,0.6,0.6,-0.8748957814633964,0.026229372511524466,0,2.353381590862446,False,False,True,True,True,True,False
SMSP,30.0,true_target_optimum,oracle_jammer_rejection,ORACLE_DIAGNOSTIC_ONLY;NOT_FAIR;NOT_RL_ELIGIBLE,100,-0.9276681601830483,1.4916697123642269,0.29236726362338844,-1.2200354238064368,0.6,0.6,-1.9338861696883358,2.464570295703437,0,3.828922822825724,False,False,True,False,True,True,False
SMSP,30.0,true_target_optimum,oracle_ratio,ORACLE_DIAGNOSTIC_ONLY;NOT_FAIR;NOT_RL_ELIGIBLE,100,-4.469043740174498,7.046320266105136,1.3810787721566067,-5.8501225123311045,0.6,0.6,-15.802731079324717,19.887540269724067,0,18.09737963055755,False,False,True,False,True,False,False
SMSP,30.0,true_target_optimum,oracle_soft_wiener,ORACLE_DIAGNOSTIC_ONLY;NOT_FAIR;NOT_RL_ELIGIBLE,100,-4.0068582595825575,7.011646158914697,1.3742826471472807,-5.381140906729838,0.6,0.6,-14.119134652726999,17.678519163263804,0,17.85581551083604,False,False,True,False,True,False,False
SMSP,30.0,true_target_optimum,oracle_target_protection,ORACLE_DIAGNOSTIC_ONLY;NOT_FAIR;NOT_RL_ELIGIBLE,100,0.04719740955534094,1.183299069506068,0.23192661762318928,-0.18472920806784834,0.6,0.6,-0.913415746172999,9.481154666406865e-16,0,2.4084558458160026,False,False,True,True,True,True,False
