case,algorithm,call_attempted,interface_status,exception_type,failure_reason,status
empty_iq,FDC,True,FAIL,ValueError,,PASS
empty_iq,FrFT,True,FAIL,ValueError,,PASS
empty_iq,FrFT,True,FAIL,ValueError,,PASS
empty_iq,qpzh,True,FAIL,ValueError,,PASS
empty_iq,qpzh,True,FAIL,ValueError,,PASS
empty_iq,FSTP,True,FAIL,ValueError,,PASS
empty_iq,FSTP,True,FAIL,ValueError,,PASS
empty_iq,adapt_filter,True,FAIL,ValueError,,PASS
empty_iq,adapt_filter,True,FAIL,ValueError,,PASS
empty_iq,WLN,True,FAIL,ValueError,,PASS
wrong_shape_iq,FDC,True,FAIL,ValueError,,PASS
wrong_shape_iq,FrFT,True,FAIL,ValueError,,PASS
wrong_shape_iq,FrFT,True,FAIL,ValueError,,PASS
wrong_shape_iq,qpzh,True,FAIL,ValueError,,PASS
wrong_shape_iq,qpzh,True,FAIL,ValueError,,PASS
wrong_shape_iq,FSTP,True,FAIL,ValueError,,PASS
wrong_shape_iq,FSTP,True,FAIL,ValueError,,PASS
wrong_shape_iq,adapt_filter,True,FAIL,ValueError,,PASS
wrong_shape_iq,adapt_filter,True,FAIL,ValueError,,PASS
wrong_shape_iq,WLN,True,FAIL,ValueError,,PASS
nan_iq,FDC,True,FAIL,ValueError,,PASS
nan_iq,FrFT,True,FAIL,ValueError,,PASS
nan_iq,FrFT,True,FAIL,ValueError,,PASS
nan_iq,qpzh,True,FAIL,ValueError,,PASS
nan_iq,qpzh,True,FAIL,ValueError,,PASS
nan_iq,FSTP,True,FAIL,ValueError,,PASS
nan_iq,FSTP,True,FAIL,ValueError,,PASS
nan_iq,adapt_filter,True,FAIL,ValueError,,PASS
nan_iq,adapt_filter,True,FAIL,ValueError,,PASS
nan_iq,WLN,True,FAIL,ValueError,,PASS
forbidden_key_audit,,,,,,PASS
invalid_parameter_rejected,,,,,,PASS
FSTP_M1_status,,,,,,PASS
