Jammer,Algorithm,JSR_dB,Trials,DeltaSINR_mean_dB,DeltaSINR_std_dB,DeltaSINR_ci95_dB,Pd_before,Pd_after,PeakError_before,PeakError_after,FalsePeak_before,FalsePeak_after,TargetOnlyResponseChange_mean_dB,TargetOnlyResponseChange_ci95_dB,Runtime_mean_ms
AMNoiseGaiJam,Current_FDC,0.0,20,0.2654219881377561,0.037286372725814684,0.016341473353665887,1.0,1.0,0.0,0.0,0.4,0.6,-8.678947198979587e-15,0.0,0.33299584756605327
AMNoiseGaiJam,Current_FDC,10.0,20,0.48521688008845343,0.1170927613792344,0.0513181653269575,1.0,1.0,0.1,0.0,0.3,0.55,-8.678947198979587e-15,0.0,0.33299809438176453
AMNoiseGaiJam,Current_FDC,20.0,20,-0.04164926332076835,0.23496093746699762,0.10297617113372363,0.05,0.65,0.7,0.55,0.3,0.6,-8.678947198979587e-15,0.0,0.3341437957715243
AMNoiseGaiJam,Current_FDC,30.0,20,-0.8623635619194451,0.4317164939763968,0.18920809579766393,0.0,0.0,314.65,430.95,0.3,0.6,-8.678947198979587e-15,0.0,0.3353979060193524
AMNoiseGaiJam,Identity,0.0,20,0.0,0.0,0.0,1.0,1.0,0.0,0.0,0.4,0.4,-8.678947198979587e-15,0.0,0.0025939487386494875
AMNoiseGaiJam,Identity,10.0,20,0.0,0.0,0.0,1.0,1.0,0.1,0.1,0.3,0.3,-8.678947198979587e-15,0.0,0.002620898885652423
AMNoiseGaiJam,Identity,20.0,20,0.0,0.0,0.0,0.05,0.05,0.7,0.7,0.3,0.3,-8.678947198979587e-15,0.0,0.002581399166956544
AMNoiseGaiJam,Identity,30.0,20,0.0,0.0,0.0,0.0,0.0,314.65,314.65,0.3,0.3,-8.678947198979587e-15,0.0,0.0026249472284689546
AMNoiseGaiJam,New_FDC,0.0,20,3.4325219285053707,0.21294188620503768,0.09332589643105182,1.0,1.0,0.0,0.0,0.4,0.4,-0.011138744501188643,7.800268042352735e-19,0.38702704769093543
AMNoiseGaiJam,New_FDC,10.0,20,4.989780429706944,0.193380343372137,0.08475267228530044,1.0,1.0,0.1,0.1,0.3,0.2,-0.011138744501188643,7.800268042352735e-19,0.3848374035442248
AMNoiseGaiJam,New_FDC,20.0,20,4.529390745382635,0.32068546961601,0.14054660385373696,0.05,1.0,0.7,0.75,0.3,0.25,-0.011138744501188643,7.800268042352735e-19,0.38317083963193
AMNoiseGaiJam,New_FDC,30.0,20,-4.465978364475049,3.757363490005641,1.6467371552463792,0.0,0.15,314.65,321.1,0.3,0.25,-0.011138744501188643,7.800268042352735e-19,0.38588524621445686
FMNoiseAimedJam,Current_FDC,0.0,20,-0.0026632485792518422,0.008025766021266294,0.003517447045431653,1.0,1.0,0.0,0.0,0.5,0.5,-8.678947198979587e-15,0.0,0.33552505483385175
FMNoiseAimedJam,Current_FDC,10.0,20,-0.0066580365631056185,0.016564096785381628,0.0072595354940078165,0.85,0.85,0.65,0.65,0.4,0.4,-8.678947198979587e-15,0.0,0.339060346595943
FMNoiseAimedJam,Current_FDC,20.0,20,-0.0066682079156234145,0.046382211120056936,0.020327900294194016,0.1,0.1,242.2,242.2,0.4,0.4,-8.678947198979587e-15,0.0,0.33937080297619104
FMNoiseAimedJam,Current_FDC,30.0,20,0.0033808506589892095,0.090859441104283,0.0398209057945358,0.05,0.05,364.3,364.3,0.4,0.4,-8.678947198979587e-15,0.0,0.33539369760546833
FMNoiseAimedJam,Identity,0.0,20,0.0,0.0,0.0,1.0,1.0,0.0,0.0,0.5,0.5,-8.678947198979587e-15,0.0,0.0026353984139859676
FMNoiseAimedJam,Identity,10.0,20,0.0,0.0,0.0,0.85,0.85,0.65,0.65,0.4,0.4,-8.678947198979587e-15,0.0,0.0026353984139859676
FMNoiseAimedJam,Identity,20.0,20,0.0,0.0,0.0,0.1,0.1,242.2,242.2,0.4,0.4,-8.678947198979587e-15,0.0,0.002608299837447703
FMNoiseAimedJam,Identity,30.0,20,0.0,0.0,0.0,0.05,0.05,364.3,364.3,0.4,0.4,-8.678947198979587e-15,0.0,0.0025602959794923663
FMNoiseAimedJam,New_FDC,0.0,20,0.05290869154156077,0.12284036861560045,0.05383716526270041,1.0,1.0,0.0,0.0,0.5,0.5,-0.011138744501188643,7.800268042352735e-19,0.3824873478151858
FMNoiseAimedJam,New_FDC,10.0,20,0.15509051122415746,0.22742458091591555,0.09967321724574814,0.85,0.9,0.65,0.65,0.4,0.4,-0.011138744501188643,7.800268042352735e-19,0.3846790437819436
FMNoiseAimedJam,New_FDC,20.0,20,0.0368248612547684,0.1736740224796177,0.07611599635728933,0.1,0.15,242.2,242.2,0.4,0.35,-0.011138744501188643,7.800268042352735e-19,0.38612295174971223
FMNoiseAimedJam,New_FDC,30.0,20,-0.019203154183743874,0.20989458084580515,0.09199035597248893,0.05,0.05,364.3,364.3,0.4,0.35,-0.011138744501188643,7.800268042352735e-19,0.385904053109698
FMZuse,Current_FDC,0.0,20,0.0,0.0,0.0,1.0,1.0,0.0,0.0,0.7,0.7,-8.678947198979587e-15,0.0,0.33578129950910807
FMZuse,Current_FDC,10.0,20,0.00019029499799110282,0.0008522505434361931,0.0003735152692009551,1.0,1.0,0.15,0.15,0.65,0.65,-8.678947198979587e-15,0.0,0.33559360017534345
FMZuse,Current_FDC,20.0,20,0.0006664097736411634,0.0023967486051672537,0.0010504213900018294,0.55,0.55,0.6,0.6,0.65,0.65,-8.678947198979587e-15,0.0,0.3352624975377694
FMZuse,Current_FDC,30.0,20,0.0028046213408673194,0.008788203273761947,0.003851599904362709,0.0,0.0,449.6,449.6,0.8,0.8,-8.678947198979587e-15,0.0,0.3371123952092603
FMZuse,Identity,0.0,20,0.0,0.0,0.0,1.0,1.0,0.0,0.0,0.7,0.7,-8.678947198979587e-15,0.0,0.0026103545678779483
FMZuse,Identity,10.0,20,0.0,0.0,0.0,1.0,1.0,0.15,0.15,0.65,0.65,-8.678947198979587e-15,0.0,0.002610348747111857
FMZuse,Identity,20.0,20,0.0,0.0,0.0,0.55,0.55,0.6,0.6,0.65,0.65,-8.678947198979587e-15,0.0,0.0026166962925344706
FMZuse,Identity,30.0,20,0.0,0.0,0.0,0.0,0.0,449.6,449.6,0.8,0.8,-8.678947198979587e-15,0.0,0.0026084482669830322
FMZuse,New_FDC,0.0,20,0.0,0.0,0.0,1.0,1.0,0.0,0.0,0.7,0.7,-0.011138744501188643,7.800268042352735e-19,0.38394379371311516
FMZuse,New_FDC,10.0,20,0.014288102625174126,0.046823838136413484,0.020521451867931653,1.0,1.0,0.15,0.15,0.65,0.65,-0.011138744501188643,7.800268042352735e-19,0.38627931207884103
FMZuse,New_FDC,20.0,20,0.024654519953146804,0.0703108194413644,0.030815075277622495,0.55,0.55,0.6,0.6,0.65,0.65,-0.011138744501188643,7.800268042352735e-19,0.38363975181709975
FMZuse,New_FDC,30.0,20,0.005388451013239726,0.013486515984843472,0.0059107262382625154,0.0,0.0,449.6,449.6,0.8,0.8,-0.011138744501188643,7.800268042352735e-19,0.3839478478766978
NoiseProductJamming,Current_FDC,0.0,20,-0.002383650857707487,0.020575982883162165,0.009017822100402051,1.0,1.0,0.0,0.0,0.4,0.4,-8.678947198979587e-15,0.0,0.33686654933262616
NoiseProductJamming,Current_FDC,10.0,20,0.010846328546502627,0.037332351008966175,0.01636162422472252,0.15,0.15,0.9,0.9,0.4,0.35,-8.678947198979587e-15,0.0,0.3361728391610086
NoiseProductJamming,Current_FDC,20.0,20,-0.03519277584383449,0.23166454436801562,0.1015314631599462,0.0,0.0,135.5,144.1,0.35,0.35,-8.678947198979587e-15,0.0,0.3362792922416702
NoiseProductJamming,Current_FDC,30.0,20,-0.08361030951263863,0.31529496824324416,0.13818411246328416,0.0,0.0,163.95,163.9,0.4,0.35,-8.678947198979587e-15,0.0,0.33559160656295717
NoiseProductJamming,Identity,0.0,20,0.0,0.0,0.0,1.0,1.0,0.0,0.0,0.4,0.4,-8.678947198979587e-15,0.0,0.002572996891103685
NoiseProductJamming,Identity,10.0,20,0.0,0.0,0.0,0.15,0.15,0.9,0.9,0.4,0.4,-8.678947198979587e-15,0.0,0.0025770539650693536
NoiseProductJamming,Identity,20.0,20,0.0,0.0,0.0,0.0,0.0,135.5,135.5,0.35,0.35,-8.678947198979587e-15,0.0,0.002572897938080132
NoiseProductJamming,Identity,30.0,20,0.0,0.0,0.0,0.0,0.0,163.95,163.95,0.4,0.4,-8.678947198979587e-15,0.0,0.002585246693342924
NoiseProductJamming,New_FDC,0.0,20,0.4568128326625132,0.3827407729883414,0.16774353968789835,1.0,1.0,0.0,0.0,0.4,0.35,-0.011138744501188643,7.800268042352735e-19,0.3868583939038217
NoiseProductJamming,New_FDC,10.0,20,0.9529970012371602,0.6498433284552647,0.2848063960015363,0.15,0.25,0.9,0.8,0.4,0.5,-0.011138744501188643,7.800268042352735e-19,0.3866832557832822
NoiseProductJamming,New_FDC,20.0,20,0.08593969167133153,0.7397160447735187,0.3241948505915297,0.0,0.0,135.5,133.45,0.35,0.55,-0.011138744501188643,7.800268042352735e-19,0.38473538879770786
NoiseProductJamming,New_FDC,30.0,20,-0.18778470668373987,0.5912718801989524,0.259136326992558,0.0,0.0,163.95,163.9,0.4,0.55,-0.011138744501188643,7.800268042352735e-19,0.3872020519338548
