case_id,case_type,algorithm,component,value,in_unit_interval
clean_target,CLEAN_TARGET,A,peak_to_background,1.0,True
clean_target,CLEAN_TARGET,A,top1_top2_margin,0.9760923798358837,True
clean_target,CLEAN_TARGET,A,peak_prominence,0.999999999999999,True
clean_target,CLEAN_TARGET,A,peak_width_consistency,1.0,True
clean_target,CLEAN_TARGET,A,local_to_global,0.9990692453921131,True
clean_target,CLEAN_TARGET,B,peak_to_background,1.0,True
clean_target,CLEAN_TARGET,B,top1_top2_margin,0.9760923798358837,True
clean_target,CLEAN_TARGET,B,peak_prominence,0.999999999999999,True
clean_target,CLEAN_TARGET,B,peak_width_consistency,1.0,True
clean_target,CLEAN_TARGET,B,local_to_global,0.9990692453921131,True
npj_jsr_0,LOW_JSR,A,peak_to_background,1.0,True
npj_jsr_0,LOW_JSR,A,top1_top2_margin,0.8030721542602461,True
npj_jsr_0,LOW_JSR,A,peak_prominence,0.9997555679911286,True
npj_jsr_0,LOW_JSR,A,peak_width_consistency,0.953944171703627,True
npj_jsr_0,LOW_JSR,A,local_to_global,0.9504484953984764,True
npj_jsr_0,LOW_JSR,B,peak_to_background,1.0,True
npj_jsr_0,LOW_JSR,B,top1_top2_margin,0.8030721542602461,True
npj_jsr_0,LOW_JSR,B,peak_prominence,0.9997555679911286,True
npj_jsr_0,LOW_JSR,B,peak_width_consistency,0.953944171703627,True
npj_jsr_0,LOW_JSR,B,local_to_global,0.9504484953984764,True
npj_jsr_10,MID_JSR,A,peak_to_background,1.0,True
npj_jsr_10,MID_JSR,A,top1_top2_margin,0.2911128527401883,True
npj_jsr_10,MID_JSR,A,peak_prominence,0.998989510985911,True
npj_jsr_10,MID_JSR,A,peak_width_consistency,0.8291600953487309,True
npj_jsr_10,MID_JSR,A,local_to_global,0.9613404546093729,True
npj_jsr_10,MID_JSR,B,peak_to_background,1.0,True
npj_jsr_10,MID_JSR,B,top1_top2_margin,0.2911128527401883,True
npj_jsr_10,MID_JSR,B,peak_prominence,0.998989510985911,True
npj_jsr_10,MID_JSR,B,peak_width_consistency,0.8291600953487309,True
npj_jsr_10,MID_JSR,B,local_to_global,0.9613404546093729,True
npj_jsr_30,HIGH_JSR,A,peak_to_background,1.0,True
npj_jsr_30,HIGH_JSR,A,top1_top2_margin,0.13065990788154336,True
npj_jsr_30,HIGH_JSR,A,peak_prominence,0.9999111989009649,True
npj_jsr_30,HIGH_JSR,A,peak_width_consistency,0.5774755603485535,True
npj_jsr_30,HIGH_JSR,A,local_to_global,0.9241258461902896,True
npj_jsr_30,HIGH_JSR,B,peak_to_background,1.0,True
npj_jsr_30,HIGH_JSR,B,top1_top2_margin,0.13065990788154336,True
npj_jsr_30,HIGH_JSR,B,peak_prominence,0.9999111989009649,True
npj_jsr_30,HIGH_JSR,B,peak_width_consistency,0.5774755603485535,True
npj_jsr_30,HIGH_JSR,B,local_to_global,0.9241258461902896,True
no_jammer,NO_JAMMER,A,peak_to_background,1.0,True
no_jammer,NO_JAMMER,A,top1_top2_margin,0.9564348181431859,True
no_jammer,NO_JAMMER,A,peak_prominence,0.9994386341004317,True
no_jammer,NO_JAMMER,A,peak_width_consistency,0.996269815047629,True
no_jammer,NO_JAMMER,A,local_to_global,0.9383211200623642,True
no_jammer,NO_JAMMER,B,peak_to_background,1.0,True
no_jammer,NO_JAMMER,B,top1_top2_margin,0.9564348181431859,True
no_jammer,NO_JAMMER,B,peak_prominence,0.9994386341004317,True
no_jammer,NO_JAMMER,B,peak_width_consistency,0.996269815047629,True
no_jammer,NO_JAMMER,B,local_to_global,0.9383211200623642,True
false_peak_dominant,FALSE_PEAK_DOMINANT,A,peak_to_background,1.0,True
false_peak_dominant,FALSE_PEAK_DOMINANT,A,top1_top2_margin,0.9393606652479802,True
false_peak_dominant,FALSE_PEAK_DOMINANT,A,peak_prominence,0.9999923138146088,True
false_peak_dominant,FALSE_PEAK_DOMINANT,A,peak_width_consistency,0.9999838484418784,True
false_peak_dominant,FALSE_PEAK_DOMINANT,A,local_to_global,0.9953098895910165,True
false_peak_dominant,FALSE_PEAK_DOMINANT,B,peak_to_background,1.0,True
false_peak_dominant,FALSE_PEAK_DOMINANT,B,top1_top2_margin,0.9393606652479802,True
false_peak_dominant,FALSE_PEAK_DOMINANT,B,peak_prominence,0.9999923138146088,True
false_peak_dominant,FALSE_PEAK_DOMINANT,B,peak_width_consistency,0.9999838484418784,True
false_peak_dominant,FALSE_PEAK_DOMINANT,B,local_to_global,0.9953098895910165,True
ambiguous_two_peaks,AMBIGUOUS_PEAKS,A,peak_to_background,1.0,True
ambiguous_two_peaks,AMBIGUOUS_PEAKS,A,top1_top2_margin,0.000686624873982279,True
ambiguous_two_peaks,AMBIGUOUS_PEAKS,A,peak_prominence,0.9999718321597474,True
ambiguous_two_peaks,AMBIGUOUS_PEAKS,A,peak_width_consistency,0.9999706499333437,True
ambiguous_two_peaks,AMBIGUOUS_PEAKS,A,local_to_global,0.4998067395638083,True
ambiguous_two_peaks,AMBIGUOUS_PEAKS,B,peak_to_background,1.0,True
ambiguous_two_peaks,AMBIGUOUS_PEAKS,B,top1_top2_margin,0.000686624873982279,True
ambiguous_two_peaks,AMBIGUOUS_PEAKS,B,peak_prominence,0.9999718321597474,True
ambiguous_two_peaks,AMBIGUOUS_PEAKS,B,peak_width_consistency,0.9999706499333437,True
ambiguous_two_peaks,AMBIGUOUS_PEAKS,B,local_to_global,0.4998067395638083,True
pure_noise,PURE_NOISE,A,peak_to_background,0.7244689576065878,True
pure_noise,PURE_NOISE,A,top1_top2_margin,0.1468122067089186,True
pure_noise,PURE_NOISE,A,peak_prominence,0.9898179872396742,True
pure_noise,PURE_NOISE,A,peak_width_consistency,0.9925292947415931,True
pure_noise,PURE_NOISE,A,local_to_global,0.20887663233474538,True
pure_noise,PURE_NOISE,B,peak_to_background,0.7244689576065878,True
pure_noise,PURE_NOISE,B,top1_top2_margin,0.1468122067089186,True
pure_noise,PURE_NOISE,B,peak_prominence,0.9898179872396742,True
pure_noise,PURE_NOISE,B,peak_width_consistency,0.9925292947415931,True
pure_noise,PURE_NOISE,B,local_to_global,0.20887663233474538,True
