jammer,algorithm,jsr_db,trials,interface_status,performance_status,delta_sinr_mean_db,delta_sinr_std_db,delta_sinr_ci95_db,sinr_identity_mean_db,sinr_algorithm_mean_db,pd_identity,pd_algorithm,target_only_response_change_mean_db,target_only_response_change_ci95_db,peak_error_identity_mean,peak_error_algorithm_mean,false_peak_identity_mean,false_peak_algorithm_mean,runtime_mean_ms,memory_usage_bytes_mean
AMNoiseGaiJam,FDC,0.0,10,PASS,RECOMMENDED,0.2176952081680163,0.027805360291366828,0.01723394085773516,31.73135447146513,31.94904967963314,1.0,1.0,-8.678947198979587e-15,0.0,0.0,0.0,0.2,0.5,0.3026333055458963,967115.2
AMNoiseGaiJam,FDC,10.0,10,PASS,RECOMMENDED,0.41552158872369527,0.05710262386208857,0.03539257294811178,23.551993216775564,23.967514805499256,1.0,1.0,-8.678947198979587e-15,0.0,0.1,0.0,0.1,0.5,0.2826999989338219,967037.0
AMNoiseGaiJam,FDC,20.0,10,PASS,CONDITIONAL,-0.013631450856107641,0.12379698634216685,0.07673016708397681,15.744549063461069,15.73091761260496,0.1,0.4,-8.678947198979587e-15,0.0,0.7,0.5,0.1,0.6,0.2831293037161231,967037.0
AMNoiseGaiJam,FDC,30.0,10,PASS,HARMFUL,-0.6805503276621023,0.29597711899782514,0.1834485189402528,10.577968406905484,9.89741807924338,0.0,0.0,-8.678947198979587e-15,0.0,323.8,377.7,0.1,0.6,0.27499590651132166,967037.0
FMNoiseAimedJam,FrFT,0.0,10,PASS,CONDITIONAL,-0.24939131405569412,0.04064421057505399,0.025191542706867832,29.687373610415825,29.437982296360133,1.0,1.0,-0.3374184101833674,0.0,0.0,0.0,0.5,0.4,38.05004138266668,1132223.4
FMNoiseAimedJam,FrFT,10.0,10,PASS,HARMFUL,-0.21475563871503917,0.07482712327454612,0.04637833149992946,20.76723784901977,20.55248221030473,0.7,0.6,-0.3374184101833674,0.0,0.7,0.7,0.4,0.4,37.658966705203056,1129592.4
FMNoiseAimedJam,FrFT,20.0,10,PASS,CONDITIONAL,-0.1735427445125861,0.1590157962258231,0.0985590116036863,12.588089601560924,12.414546857048336,0.2,0.2,-0.3374184101833674,0.0,220.9,220.8,0.4,0.3,41.31158319651149,1129587.6
FMNoiseAimedJam,FrFT,30.0,10,PASS,CONDITIONAL,-0.30204625263616586,0.2688124933696279,0.16661170954115925,9.203667925315067,8.9016216726789,0.1,0.1,-0.3374184101833674,0.0,348.4,348.1,0.4,0.4,47.58908350486308,1129587.6
FMNoiseSaopin,FrFT,0.0,10,PASS,CONDITIONAL,-0.29627699010159675,0.07221584396299616,0.04475984381458009,32.79216829108559,32.495891300983985,1.0,1.0,-0.3374184101833674,0.0,0.0,0.0,0.4,0.3,46.78544150083326,1129588.4
FMNoiseSaopin,FrFT,10.0,10,PASS,HARMFUL,-0.3018831579874444,0.06966131944354512,0.043176533113818465,26.830096700191774,26.528213542204327,1.0,1.0,-0.3374184101833674,0.0,0.0,0.0,0.4,0.4,44.12241670652293,1129587.6
FMNoiseSaopin,FrFT,20.0,10,PASS,CONDITIONAL,-0.2792862292200374,0.11561872390530832,0.07166122750977472,18.64961593778505,18.370329708565013,1.0,1.0,-0.3374184101833674,0.0,74.8,75.1,0.4,0.3,42.01329560019076,1129596.4
FMNoiseSaopin,FrFT,30.0,10,PASS,CONDITIONAL,0.1032398468513277,0.4260151773633305,0.264046942540671,9.019437073155272,9.122676920006601,1.0,1.0,-0.3374184101833674,0.0,662.5,585.0,0.4,0.3,40.09667070931755,1129593.2
FMZuse,WLN,0.0,10,PASS,CONDITIONAL,-1.1258687102516647,0.0729392209051832,0.04520819748843526,34.15452531136899,33.028656601117326,1.0,1.0,1.7542552869168084,0.0,0.0,0.0,0.7,0.4,2.5478122930508107,840595.0
FMZuse,WLN,10.0,10,PASS,RECOMMENDED,1.0903842947146931,0.09078088187321318,0.05626657352473713,26.733902265069826,27.824286559784525,1.0,1.0,1.7542552869168084,0.0,0.0,0.0,0.7,0.5,2.3567541036754847,838599.8
FMZuse,WLN,20.0,10,PASS,RECOMMENDED,2.8983966903322296,0.3781592864298569,0.23438555403862094,17.078529287438645,19.976925977770872,0.5,0.7,1.7542552869168084,0.0,0.4,0.2,0.7,0.5,2.335529198171571,838529.4
FMZuse,WLN,30.0,10,PASS,RECOMMENDED,3.183382920333072,1.23496467761525,0.7654390373794709,8.123127807949212,11.306510728282285,0.0,0.0,1.7542552869168084,0.0,441.2,387.8,1.0,0.5,2.342612389475107,838705.4
ISDJ,qpzh,0.0,10,PASS,RECOMMENDED,7.872140203018131,0.21928726807411286,0.13591565688206386,29.361744602615893,37.23388480563403,1.0,1.0,-8.678947198979587e-15,0.0,1.0,1.0,0.8,0.9,0.7750040967948735,482259.2
ISDJ,qpzh,10.0,10,PASS,RECOMMENDED,16.92401295316854,0.1915245489531928,0.11870814529558732,20.079995683871296,37.004008637039824,1.0,1.0,-8.678947198979587e-15,0.0,1.0,1.0,0.8,0.9,0.7817749108653516,482248.0
ISDJ,qpzh,20.0,10,PASS,HARMFUL,-4.051111587632161,0.08460257278621,0.05243721787926182,10.3399391615192,6.288827573887037,1.0,0.0,-8.678947198979587e-15,0.0,379.8,379.8,0.8,0.8,0.9405707067344338,482248.0
ISDJ,qpzh,30.0,10,PASS,HARMFUL,-2.252509014636302,0.09465556411898701,0.05866812646152521,1.3314477554105317,-0.9210612592257705,0.0,0.0,-8.678947198979587e-15,0.0,379.9,379.9,0.8,0.8,0.9587209031451494,482248.0
NoiseConvolutionJamming,adapt_filter,0.0,10,PASS,BLOCKED_ORACLE,-49.52314561486209,0.5806144649300347,0.35986857371729764,26.73909155658394,-22.784054058278144,1.0,0.0,nan,0.0,0.3,999.0,0.2,622.6,28.632083302363753,400241104.0
NoiseConvolutionJamming,adapt_filter,10.0,10,PASS,BLOCKED_ORACLE,-39.85107398570271,1.8995286461218583,1.1773400524862836,17.067019927436164,-22.78405405826655,0.3,0.0,nan,0.0,1.0,999.0,0.2,628.3,29.45224589202553,400241104.0
NoiseConvolutionJamming,adapt_filter,20.0,10,PASS,BLOCKED_ORACLE,-32.51343009359634,3.2113698528141477,1.9904276562421093,9.729376035331425,-22.784054058264907,0.0,0.0,nan,0.0,302.0,999.0,0.2,630.1,31.00474600214511,400241104.0
NoiseConvolutionJamming,adapt_filter,30.0,10,PASS,BLOCKED_ORACLE,-30.732596294707502,2.443894064101105,1.5147412341341067,7.9485422364427505,-22.78405405826475,0.0,0.0,nan,0.0,321.8,999.0,0.2,624.0,29.761308303568512,400241104.0
NoiseProductJamming,adapt_filter,0.0,10,PASS,BLOCKED_ORACLE,-50.7985291122355,0.5820365391056589,0.36074998442304673,28.014475053897247,-22.784054058338253,1.0,0.0,nan,0.0,0.0,999.0,0.5,628.1,36.94350420264527,400242747.4
NoiseProductJamming,adapt_filter,10.0,10,PASS,BLOCKED_ORACLE,-41.680375651477746,1.5290230555015802,0.9476983082578284,18.896321593139497,-22.784054058338253,0.1,0.0,nan,0.0,1.0,999.0,0.5,628.1,32.98312500119209,400241104.0
NoiseProductJamming,adapt_filter,20.0,10,PASS,BLOCKED_ORACLE,-34.99986994937278,2.1517229232363326,1.3336516848804012,12.215815891034525,-22.784054058338253,0.0,0.0,nan,0.0,117.5,999.0,0.4,628.1,34.66627930174582,400241104.0
NoiseProductJamming,adapt_filter,30.0,10,PASS,BLOCKED_ORACLE,-33.13485384583025,1.7703379003599375,1.0972667986784943,10.350799787492,-22.784054058338253,0.0,0.0,nan,0.0,117.3,999.0,0.4,628.1,31.514929194236174,400241104.0
SMSP,FSTP,0.0,10,PASS,NOT_APPLICABLE_MULTIPULSE,-0.02198766778955168,0.003163942617449072,0.0019610319512139178,26.441748646313517,26.419760978523964,1.0,1.0,-1.8927670063756712e-05,2.213579435491238e-21,0.0,0.0,0.8,0.8,0.23567499592900276,682776.0
SMSP,FSTP,10.0,10,PASS,NOT_APPLICABLE_MULTIPULSE,-0.0223662862894507,0.004827546460226582,0.0029921442956214934,16.271787683845623,16.249421397556173,0.3,0.2,-1.8927670063756712e-05,2.213579435491238e-21,1.1,1.1,0.8,0.9,0.2329084847588092,682776.0
SMSP,FSTP,20.0,10,PASS,NOT_APPLICABLE_MULTIPULSE,-0.023194705213488386,0.003919523023903593,0.0024293455390131647,7.277966920301314,7.254772215087826,0.0,0.0,-1.8927670063756712e-05,2.213579435491238e-21,518.0,518.0,0.8,1.1,0.22095439489930868,682776.0
SMSP,FSTP,30.0,10,PASS,NOT_APPLICABLE_MULTIPULSE,0.015015732126434233,0.0011518243285669404,0.000713908115162473,6.636042690887403,6.651058423013838,0.0,0.0,-1.8927670063756712e-05,2.213579435491238e-21,518.0,518.0,0.8,2.2,0.23773740394972265,682776.0
SMSP,qpzh,0.0,10,PASS,RECOMMENDED,2.6466187263851255,0.05742521878665541,0.0355925193538671,26.441748646313517,29.088367372698645,1.0,1.0,-8.678947198979587e-15,0.0,0.0,0.2,0.8,0.8,0.7986206910572946,482259.2
SMSP,qpzh,10.0,10,PASS,RECOMMENDED,3.5276128519233128,0.09416650689235492,0.05836500565202999,16.271787683845623,19.79940053576893,0.3,1.0,-8.678947198979587e-15,0.0,1.1,2.1,0.8,0.8,0.7849669025745243,482248.0
SMSP,qpzh,20.0,10,PASS,RECOMMENDED,1.6589876046218737,0.09621686059004345,0.059635828039984226,7.277966920301314,8.936954524923186,0.0,0.0,-8.678947198979587e-15,0.0,518.0,517.0,0.8,0.9,1.2570793100167066,482248.0
SMSP,qpzh,30.0,10,PASS,CONDITIONAL,-3.942026165705508,0.04054363180763708,0.025129203340967035,6.636042690887403,2.6940165251818953,0.0,0.0,-8.678947198979587e-15,0.0,518.0,517.0,0.8,0.8,1.0945208952762187,482248.0
SliceCombineJam,FSTP,0.0,10,PASS,NOT_APPLICABLE_MULTIPULSE,-0.01678679058803425,0.0028672466196134486,0.0017771378665537947,26.381987473842663,26.36520068325463,1.0,1.0,-8.678947198979587e-15,0.0,1.0,1.0,5.2,5.1,0.28962920187041163,685646.4
SliceCombineJam,FSTP,10.0,10,PASS,NOT_APPLICABLE_MULTIPULSE,-0.02166779371332055,0.0033573196024585367,0.002080888248272403,16.44156694390861,16.419899150195292,1.0,1.0,-8.678947198979587e-15,0.0,462.0,462.0,5.9,5.5,0.2310166135430336,682776.0
SliceCombineJam,FSTP,20.0,10,PASS,NOT_APPLICABLE_MULTIPULSE,-0.030006999386702305,0.004047132177013009,0.0025084385115389032,5.519406235822189,5.489399236435487,1.0,1.0,-8.678947198979587e-15,0.0,462.0,462.0,5.9,5.8,0.22392940591089427,682776.0
SliceCombineJam,FSTP,30.0,10,PASS,NOT_APPLICABLE_MULTIPULSE,-0.01297775424632297,0.006869564498052754,0.004257800188066494,-6.681152186633341,-6.694129940879664,0.0,0.0,-8.678947198979587e-15,0.0,462.0,462.0,5.8,6.4,0.2403416088782251,682776.0
